db_id,kind,name,source,line
DB-0001,table,accounting_periods,api/src/db/schema/accounting-periods.ts,9
DB-0002,table,adjustment_records,api/src/db/schema/adjustment-records.ts,25
DB-0003,table,admin_webhooks,api/src/db/schema/admin-webhooks.ts,10
DB-0004,table,agent_approvals,api/src/db/schema/agent-approvals.ts,23
DB-0005,table,agent_bank_accounts,api/src/db/schema/agent-bank-accounts.ts,5
DB-0006,table,agent_commissions,api/src/db/schema/agent-commissions.ts,9
DB-0007,table,agent_customers,api/src/db/schema/agent-customers.ts,6
DB-0008,table,agent_invitations,api/src/db/schema/agent-invitations.ts,14
DB-0009,table,agent_withdrawals,api/src/db/schema/agent-withdrawals.ts,10
DB-0010,table,agents,api/src/db/schema/agents.ts,11
DB-0011,table,announcements,api/src/db/schema/announcements.ts,3
DB-0012,table,api_keys,api/src/db/schema/api-keys.ts,10
DB-0013,table,audit_logs,api/src/db/schema/audit-logs.ts,3
DB-0014,table,balance_transactions,api/src/db/schema/balance-transactions.ts,26
DB-0015,table,campaign_participants,api/src/db/schema/campaign-participants.ts,13
DB-0016,table,campaigns,api/src/db/schema/campaigns.ts,3
DB-0017,table,chat_conversations,api/src/db/schema/chat-support.ts,9
DB-0018,table,chat_messages,api/src/db/schema/chat-support.ts,26
DB-0019,table,circuit_breaker_state,api/src/db/schema/circuit-breaker.ts,9
DB-0020,table,consent_policies,api/src/db/schema/consent.ts,10
DB-0021,table,consent_logs,api/src/db/schema/consent.ts,27
DB-0022,table,consumption_anomalies,api/src/db/schema/consumption-anomalies.ts,14
DB-0023,table,consumption_records,api/src/db/schema/consumption-records.ts,22
DB-0024,table,content_moderation,api/src/db/schema/content-moderation.ts,11
DB-0025,table,conversation_context_records,api/src/db/schema/conversation-context.ts,29
DB-0026,table,coupon_codes,api/src/db/schema/coupons.ts,3
DB-0027,table,campaign_coupon_codes,api/src/db/schema/coupons.ts,21
DB-0028,table,credit_limit_events,api/src/db/schema/credit-limit-events.ts,28
DB-0029,table,customer_balances,api/src/db/schema/customer-balances.ts,5
DB-0030,table,data_requests,api/src/db/schema/data-requests.ts,15
DB-0031,table,deletion_requests,api/src/db/schema/deletion-requests.ts,17
DB-0032,table,disputes,api/src/db/schema/disputes.ts,10
DB-0033,table,email_logs,api/src/db/schema/email-logs.ts,6
DB-0034,table,email_templates,api/src/db/schema/email-templates.ts,7
DB-0035,table,announcement_reads,api/src/db/schema/gap-fix-2026-08.ts,11
DB-0036,table,refund_requests,api/src/db/schema/gap-fix-2026-08.ts,26
DB-0037,table,follow_reminders,api/src/db/schema/gap-fix-2026-08.ts,48
DB-0038,table,customer_tags,api/src/db/schema/gap-fix-2026-08.ts,66
DB-0039,table,customer_notes,api/src/db/schema/gap-fix-2026-08.ts,81
DB-0040,table,support_test_keys,api/src/db/schema/gap-fix-2026-08.ts,98
DB-0041,table,knowledge_base_feedback,api/src/db/schema/gap-fix-2026-08.ts,115
DB-0042,table,i18n_entries,api/src/db/schema/i18n-entries.ts,13
DB-0043,table,invoices,api/src/db/schema/invoices.ts,27
DB-0044,table,ip_blacklist,api/src/db/schema/ip-blacklist.ts,14
DB-0045,table,knowledge_base_articles,api/src/db/schema/knowledge-base.ts,9
DB-0046,table,model_health_stats,api/src/db/schema/model-health-stats.ts,19
DB-0047,table,model_rate_limits,api/src/db/schema/model-rate-limits.ts,9
DB-0048,table,model_substitutability,api/src/db/schema/model-substitutability.ts,7
DB-0049,table,notifications,api/src/db/schema/notifications.ts,3
DB-0050,table,user_oauth_bindings,api/src/db/schema/oauth-bindings.ts,17
DB-0051,table,price_change_dispatch_log,api/src/db/schema/price-change-dispatch-log.ts,8
DB-0052,table,price_change_logs,api/src/db/schema/price-change-logs.ts,8
DB-0053,table,quota_exception_rules,api/src/db/schema/quota-exceptions.ts,8
DB-0054,table,quota_exception_history,api/src/db/schema/quota-exceptions.ts,39
DB-0055,table,rate_limit_entries,api/src/db/schema/rate-limit.ts,3
DB-0056,table,real_name_invites,api/src/db/schema/real-name-invites.ts,8
DB-0057,table,real_name_records,api/src/db/schema/real-name.ts,20
DB-0058,table,recharge_orders,api/src/db/schema/recharge-orders.ts,12
DB-0059,table,risk_events,api/src/db/schema/risk-events.ts,3
DB-0060,table,risk_rules,api/src/db/schema/risk-rules.ts,3
DB-0061,table,user_sessions,api/src/db/schema/sessions.ts,3
DB-0062,table,site_content,api/src/db/schema/site-content.ts,7
DB-0063,table,subscription_plans,api/src/db/schema/subscription-plans.ts,9
DB-0064,table,supplier_keys,api/src/db/schema/supplier-keys.ts,11
DB-0065,table,supplier_models,api/src/db/schema/supplier-models.ts,12
DB-0066,table,suppliers,api/src/db/schema/suppliers.ts,13
DB-0067,table,system_config,api/src/db/schema/system-config.ts,3
DB-0068,table,task_records,api/src/db/schema/task-records.ts,32
DB-0069,table,tickets,api/src/db/schema/tickets.ts,11
DB-0070,table,undo_records,api/src/db/schema/undo-record.ts,8
DB-0071,table,user_2fa,api/src/db/schema/user-2fa.ts,25
DB-0072,table,user_groups,api/src/db/schema/user-groups.ts,28
DB-0073,table,user_group_memberships,api/src/db/schema/user-groups.ts,55
DB-0074,table,user_notifications,api/src/db/schema/user-notifications.ts,8
DB-0075,table,user_webhooks,api/src/db/schema/user-webhooks.ts,13
DB-0076,table,users,api/src/db/schema/users.ts,11
DB-0077,table,vendor_pricing,api/src/db/schema/vendor-pricing.ts,11
DB-0078,table,vendor_settlements,api/src/db/schema/vendor-settlements.ts,27
DB-0079,table,vendor_settlement_items,api/src/db/schema/vendor-settlements.ts,59
DB-0080,table,webhook_retry_config,api/src/db/schema/webhook-retry-config.ts,7
DB-0081,migration,0000_uneven_red_ghost.sql,api/src/db/migrations/0000_uneven_red_ghost.sql,1
DB-0082,migration,0001_finance_accounting.sql,api/src/db/migrations/0001_finance_accounting.sql,1
DB-0083,migration,0002_price_change_notify.sql,api/src/db/migrations/0002_price_change_notify.sql,1
DB-0084,migration,0003_agent_commission_ledger.sql,api/src/db/migrations/0003_agent_commission_ledger.sql,1
DB-0085,migration,0004_oauth_bindings.sql,api/src/db/migrations/0004_oauth_bindings.sql,1
DB-0086,migration,0005_cache_billing_audit.sql,api/src/db/migrations/0005_cache_billing_audit.sql,1
DB-0087,migration,0006_supplier_allowed_groups.sql,api/src/db/migrations/0006_supplier_allowed_groups.sql,1
DB-0088,migration,0007_task_records.sql,api/src/db/migrations/0007_task_records.sql,1
DB-0089,migration,0008_cache_discount_rate.sql,api/src/db/migrations/0008_cache_discount_rate.sql,1
DB-0090,migration,0009_user_webhooks.sql,api/src/db/migrations/0009_user_webhooks.sql,1
DB-0091,migration,0010_agent_invitations.sql,api/src/db/migrations/0010_agent_invitations.sql,1
DB-0092,migration,0011_vendor_settlements.sql,api/src/db/migrations/0011_vendor_settlements.sql,1
DB-0093,migration,0012_campaign_coupon_codes.sql,api/src/db/migrations/0012_campaign_coupon_codes.sql,1
DB-0094,migration,0013_ip_blacklist.sql,api/src/db/migrations/0013_ip_blacklist.sql,1
DB-0095,migration,0014_data_requests.sql,api/src/db/migrations/0014_data_requests.sql,1
DB-0096,migration,0015_deletion_requests.sql,api/src/db/migrations/0015_deletion_requests.sql,1
DB-0097,migration,0016_i18n_entries.sql,api/src/db/migrations/0016_i18n_entries.sql,1
DB-0098,migration,0017_invoice_email_delivery.sql,api/src/db/migrations/0017_invoice_email_delivery.sql,1
DB-0099,migration,0018_admin_webhooks.sql,api/src/db/migrations/0018_admin_webhooks.sql,1
DB-0100,migration,0019_adjustment_records.sql,api/src/db/migrations/0019_adjustment_records.sql,1
DB-0101,migration,0020_content_moderation.sql,api/src/db/migrations/0020_content_moderation.sql,1
DB-0102,migration,0021_subscription_plans.sql,api/src/db/migrations/0021_subscription_plans.sql,1
DB-0103,migration,0022_knowledge_base.sql,api/src/db/migrations/0022_knowledge_base.sql,1
DB-0104,migration,0023_agent_approvals.sql,api/src/db/migrations/0023_agent_approvals.sql,1
DB-0105,migration,0024a_campaign_participants.sql,api/src/db/migrations/0024a_campaign_participants.sql,1
DB-0106,migration,0024b_disputes.sql,api/src/db/migrations/0024b_disputes.sql,1
DB-0107,migration,0024c_consent.sql,api/src/db/migrations/0024c_consent.sql,1
DB-0108,migration,0025_partition_big_tables.sql,api/src/db/migrations/0025_partition_big_tables.sql,1
DB-0109,migration,0026_gap_fix.sql,api/src/db/migrations/0026_gap_fix.sql,1
DB-0110,migration,0027_recharge_orders_idempotency.sql,api/src/db/migrations/0027_recharge_orders_idempotency.sql,1
DB-0111,migration,0028_recharge_orders_transfer_no_unique.sql,api/src/db/migrations/0028_recharge_orders_transfer_no_unique.sql,1
DB-0112,migration,0029_credit_limit_events.sql,api/src/db/migrations/0029_credit_limit_events.sql,1
DB-0113,migration,0030_adjustment_pending_super.sql,api/src/db/migrations/0030_adjustment_pending_super.sql,1
DB-0114,migration,0031_cache_pricing_explicit.sql,api/src/db/migrations/0031_cache_pricing_explicit.sql,1
DB-0115,migration,0032_user_language_i18n.sql,api/src/db/migrations/0032_user_language_i18n.sql,1
