call_id,method,path_or_expression,source,line
CALL-0001,GET,/models/${encodeURIComponent(model)}/channels,web-console/src/components/ChannelPriceMatrixModal.tsx,44
CALL-0002,GET,/me/consent/status,web-console/src/components/ConsentBanner.tsx,25
CALL-0003,POST,/me/consent/privacy,web-console/src/components/ConsentBanner.tsx,35
CALL-0004,POST,/me/consent/terms,web-console/src/components/ConsentBanner.tsx,40
CALL-0005,GET,/me/onboarding/status,web-console/src/components/OnboardingWizard.tsx,56
CALL-0006,POST,/me/onboarding/step,web-console/src/components/OnboardingWizard.tsx,63
CALL-0007,POST,/me/onboarding/skip,web-console/src/components/OnboardingWizard.tsx,69
CALL-0008,POST,/me/onboarding/complete,web-console/src/components/OnboardingWizard.tsx,80
CALL-0009,GET,/me/announcements/unread-count,web-console/src/layouts/ConsoleLayout.tsx,204
CALL-0010,GET,/me/settings,web-console/src/lib/i18n-context.tsx,127
CALL-0011,PUT,/me/settings,web-console/src/lib/i18n-context.tsx,162
CALL-0012,FETCH,${API_BASE}/api/v1/public/i18n/entries?${params.toString()},web-console/src/lib/i18n.ts,368
CALL-0013,FETCH,/api/v1${url},web-console/src/lib/vendor-api.ts,9
CALL-0014,GET,/admin/agents/approvals?keyword=${encodeURIComponent(keyword)}&agent=${encodeURIComponent(agent)},web-console/src/pages/admin/AdminAgentApprovalsPage.tsx,49
CALL-0015,POST,/admin/agents/approvals/${id}/approve,web-console/src/pages/admin/AdminAgentApprovalsPage.tsx,67
CALL-0016,POST,/admin/agents/approvals/${id}/reject,web-console/src/pages/admin/AdminAgentApprovalsPage.tsx,73
CALL-0017,POST,/admin/agents/approvals/${id}/re-review,web-console/src/pages/admin/AdminAgentApprovalsPage.tsx,79
CALL-0018,POST,/admin/agents/approvals/${id}/unbind,web-console/src/pages/admin/AdminAgentApprovalsPage.tsx,85
CALL-0019,GET,/admin/audit-logs?keyword=${keyword}&action=${action}&page_size=50,web-console/src/pages/admin/AdminAuditLogPage.tsx,14
CALL-0020,GET,/admin/balance-alerts,web-console/src/pages/admin/AdminBalanceAlertPage.tsx,35
CALL-0021,GET,/admin/balance-alert-config,web-console/src/pages/admin/AdminBalanceAlertPage.tsx,42
CALL-0022,PUT,/admin/balance-alert-config,web-console/src/pages/admin/AdminBalanceAlertPage.tsx,47
CALL-0023,POST,/admin/balance-alerts/${userId}/notify,web-console/src/pages/admin/AdminBalanceAlertPage.tsx,53
CALL-0024,GET,/admin/commission/flow?${params.toString()},web-console/src/pages/admin/AdminCommissionFlowPage.tsx,64
CALL-0025,GET,/admin/competitive/monitor?model_type=${modelType},web-console/src/pages/admin/AdminCompetitiveMonitorPage.tsx,28
CALL-0026,GET,/admin/consumption/anomalies?severity=${severity}&page_size=50,web-console/src/pages/admin/AdminConsumptionAnomalyPage.tsx,35
CALL-0027,POST,/admin/consumption/anomalies/${id}/${op},web-console/src/pages/admin/AdminConsumptionAnomalyPage.tsx,42
CALL-0028,GET,/admin/consumption/stream?vendor=${vendor},web-console/src/pages/admin/AdminConsumptionStreamPage.tsx,33
CALL-0029,GET,/admin/consumption/tracking?keyword=${keyword}&period=${period}&page_size=50,web-console/src/pages/admin/AdminConsumptionTrackingPage.tsx,34
CALL-0030,GET,/admin/conversion/funnel?period=${period},web-console/src/pages/admin/AdminConversionFunnelPage.tsx,30
CALL-0031,GET,/admin/cost/dashboard?period=${period},web-console/src/pages/admin/AdminCostDashboardPage.tsx,13
CALL-0032,GET,/admin/cost/prediction?days=${days},web-console/src/pages/admin/AdminCostPredictionPage.tsx,13
CALL-0033,GET,/admin/customer-success?period=${period}&level=${level}&keyword=${keyword},web-console/src/pages/admin/AdminCustomerSuccessPage.tsx,98
CALL-0034,POST,/admin/suppliers/sync-all,web-console/src/pages/admin/AdminMarketplaceHealthPage.tsx,100
CALL-0035,GET,/admin/models/marketplace?window=${windowKey},web-console/src/pages/admin/AdminMarketplaceHealthPage.tsx,117
CALL-0036,GET,/admin/models/marketplace/${encodeURIComponent(expanded!)}/suppliers?window=${windowKey},web-console/src/pages/admin/AdminMarketplaceHealthPage.tsx,126
CALL-0037,GET,/admin/marketplace?keyword=${keyword}&category=${category},web-console/src/pages/admin/AdminMarketplacePage.tsx,14
CALL-0038,GET,/admin/vendor-models?keyword=${keyword}&vendor_id=${vendorId}&page_size=50,web-console/src/pages/admin/AdminModelServicePage.tsx,17
CALL-0039,PUT,/admin/vendor-models/${id},web-console/src/pages/admin/AdminModelServicePage.tsx,22
CALL-0040,PUT,/admin/vendor-models/${id},web-console/src/pages/admin/AdminModelServicePage.tsx,29
CALL-0041,GET,/admin/multimodal-models?keyword=${encodeURIComponent(keyword)}&type=${type},web-console/src/pages/admin/AdminMultimodalModelsPage.tsx,42
CALL-0042,PUT,/admin/multimodal-models/${id},web-console/src/pages/admin/AdminMultimodalModelsPage.tsx,50
CALL-0043,GET,/admin/operation/diff?period=${period}&page=${page}&page_size=${PAGE_SIZE},web-console/src/pages/admin/AdminOperationDiffPage.tsx,35
CALL-0044,GET,/admin/operator/dashboard?period=${period}&admin=${admin},web-console/src/pages/admin/AdminOperatorDashboardPage.tsx,26
CALL-0045,GET,/admin/price-changes/stats,web-console/src/pages/admin/AdminPriceChangePage.tsx,120
CALL-0046,GET,/admin/price-changes,web-console/src/pages/admin/AdminPriceChangePage.tsx,128
CALL-0047,GET,/admin/price-changes/dispatch-logs,web-console/src/pages/admin/AdminPriceChangePage.tsx,134
CALL-0048,GET,/admin/substitutability,web-console/src/pages/admin/AdminPriceChangePage.tsx,139
CALL-0049,GET,/admin/price-changes/${impactItem!.id}/impact,web-console/src/pages/admin/AdminPriceChangePage.tsx,144
CALL-0050,POST,/admin/price-changes/${id}/notify,web-console/src/pages/admin/AdminPriceChangePage.tsx,151
CALL-0051,PATCH,/admin/substitutability,web-console/src/pages/admin/AdminPriceChangePage.tsx,163
CALL-0052,GET,/admin/profit?period=${period},web-console/src/pages/admin/AdminProfitPage.tsx,13
CALL-0053,GET,/admin/reconciliation/diffs?status=${status}&page_size=50,web-console/src/pages/admin/AdminReconciliationDiffPage.tsx,20
CALL-0054,POST,/admin/reconciliation/diffs/${id}/${op},web-console/src/pages/admin/AdminReconciliationDiffPage.tsx,26
CALL-0055,GET,/admin/reconciliation?period=${period},web-console/src/pages/admin/AdminReconciliationPage.tsx,13
CALL-0056,GET,/admin/risk/events?status=${status}&keyword=${keyword}&page_size=50,web-console/src/pages/admin/AdminRiskEventsPage.tsx,17
CALL-0057,POST,/admin/risk/events/${id}/${op},web-console/src/pages/admin/AdminRiskEventsPage.tsx,22
CALL-0058,GET,/admin/risk/dashboard?period=${period},web-console/src/pages/admin/AdminRiskPage.tsx,14
CALL-0059,GET,/admin/risk/rules,web-console/src/pages/admin/AdminRiskRulesPage.tsx,16
CALL-0060,PUT,/admin/risk/rules/${id},web-console/src/pages/admin/AdminRiskRulesPage.tsx,21
CALL-0061,PUT,/admin/risk/rules/${body.id},web-console/src/pages/admin/AdminRiskRulesPage.tsx,28
CALL-0062,POST,/admin/risk/rules,web-console/src/pages/admin/AdminRiskRulesPage.tsx,28
CALL-0063,GET,/admin/security/incidents?status=${status}&page=${page}&page_size=${PAGE_SIZE},web-console/src/pages/admin/AdminSecurityIncidentPage.tsx,40
CALL-0064,POST,/admin/security/incidents/${id}/${op},web-console/src/pages/admin/AdminSecurityIncidentPage.tsx,46
CALL-0065,GET,/admin/security/ip-blacklist?keyword=${keyword},web-console/src/pages/admin/AdminSecurityIpBlacklistPage.tsx,36
CALL-0066,POST,/admin/security/ip-blacklist,web-console/src/pages/admin/AdminSecurityIpBlacklistPage.tsx,47
CALL-0067,DELETE,/admin/security/ip-blacklist/${id},web-console/src/pages/admin/AdminSecurityIpBlacklistPage.tsx,63
CALL-0068,GET,/admin/settlements?period=${period}&status=${status},web-console/src/pages/admin/AdminSettlementPage.tsx,17
CALL-0069,POST,/admin/settlements/${id}/settle,web-console/src/pages/admin/AdminSettlementPage.tsx,21
CALL-0070,GET,/admin/settings,web-console/src/pages/admin/AdminSmtpSettingsPage.tsx,34
CALL-0071,PUT,/admin/settings/smtp,web-console/src/pages/admin/AdminSmtpSettingsPage.tsx,49
CALL-0072,POST,/admin/settings/smtp/test,web-console/src/pages/admin/AdminSmtpSettingsPage.tsx,66
CALL-0073,GET,/admin/supplier-bill-match?vendor=${vendor}&period=${period}&status=${status},web-console/src/pages/admin/AdminSupplierBillMatchPage.tsx,76
CALL-0074,GET,/admin/suppliers/${id},web-console/src/pages/admin/AdminSupplierDetailPage.tsx,87
CALL-0075,POST,/admin/suppliers/${supplierId}/sync-models,web-console/src/pages/admin/AdminSupplierDetailPage.tsx,98
CALL-0076,PATCH,/admin/models/${modelId}/status,web-console/src/pages/admin/AdminSupplierDetailPage.tsx,113
CALL-0077,POST,/admin/suppliers/${supplierId}/models/batch-status,web-console/src/pages/admin/AdminSupplierDetailPage.tsx,124
CALL-0078,GET,/admin/suppliers?${params.toString()},web-console/src/pages/admin/AdminSupplierListPage.tsx,71
CALL-0079,POST,/admin/suppliers,web-console/src/pages/admin/AdminSupplierListPage.tsx,98
CALL-0080,POST,/admin/suppliers/${id}/sync-models,web-console/src/pages/admin/AdminSupplierListPage.tsx,118
CALL-0081,POST,/admin/suppliers/sync-all,web-console/src/pages/admin/AdminSupplierListPage.tsx,133
CALL-0082,GET,/admin/vendor-costs?keyword=${keyword}&page_size=50,web-console/src/pages/admin/AdminVendorCostPage.tsx,17
CALL-0083,PUT,/admin/vendor-costs/${body.id},web-console/src/pages/admin/AdminVendorCostPage.tsx,22
CALL-0084,GET,/admin/vendor-performance?period=${period},web-console/src/pages/admin/AdminVendorPerformancePage.tsx,13
CALL-0085,GET,/admin/vendor-pricing?keyword=${keyword}&page_size=50,web-console/src/pages/admin/AdminVendorPricingPage.tsx,17
CALL-0086,PUT,/admin/vendor-pricing/${body.id},web-console/src/pages/admin/AdminVendorPricingPage.tsx,22
CALL-0087,GET,/admin/vendor-profiles?keyword=${keyword},web-console/src/pages/admin/AdminVendorProfilesPage.tsx,17
CALL-0088,PUT,/admin/vendor-profiles/${body.id},web-console/src/pages/admin/AdminVendorProfilesPage.tsx,22
CALL-0089,POST,/admin/vendor-profiles,web-console/src/pages/admin/AdminVendorProfilesPage.tsx,22
CALL-0090,GET,/admin/vendor-stats?period=${period},web-console/src/pages/admin/AdminVendorStatsPage.tsx,13
CALL-0091,GET,/admin/adjust/pending?level=1,web-console/src/pages/AdminAdjustPage.tsx,206
CALL-0092,GET,/admin/adjust/pending?level=2,web-console/src/pages/AdminAdjustPage.tsx,211
CALL-0093,GET,/admin/adjust/pending?level=3,web-console/src/pages/AdminAdjustPage.tsx,217
CALL-0094,POST,/admin/adjust,web-console/src/pages/AdminAdjustPage.tsx,250
CALL-0095,POST,/admin/adjust/${id}/approve,web-console/src/pages/AdminAdjustPage.tsx,276
CALL-0096,POST,/admin/adjust/${id}/review,web-console/src/pages/AdminAdjustPage.tsx,283
CALL-0097,POST,/admin/adjust/${id}/reject,web-console/src/pages/AdminAdjustPage.tsx,290
CALL-0098,POST,/admin/adjust/${id}/reverse,web-console/src/pages/AdminAdjustPage.tsx,297
CALL-0099,GET,/admin/affiliate/config,web-console/src/pages/AdminAffiliatePage.tsx,22
CALL-0100,GET,/admin/affiliate/records,web-console/src/pages/AdminAffiliatePage.tsx,23
CALL-0101,PUT,/admin/affiliate/config,web-console/src/pages/AdminAffiliatePage.tsx,27
CALL-0102,GET,/admin/agents?${params},web-console/src/pages/AdminAgentsPage.tsx,79
CALL-0103,PUT,/admin/agents/${id},web-console/src/pages/AdminAgentsPage.tsx,86
CALL-0104,PUT,/admin/agents/${id},web-console/src/pages/AdminAgentsPage.tsx,98
CALL-0105,GET,/admin/announcements?status=${status},web-console/src/pages/AdminAnnouncementsPage.tsx,26
CALL-0106,PUT,/admin/announcements/${editor!.id},web-console/src/pages/AdminAnnouncementsPage.tsx,32
CALL-0107,POST,/admin/announcements,web-console/src/pages/AdminAnnouncementsPage.tsx,32
CALL-0108,DELETE,/admin/announcements/${id},web-console/src/pages/AdminAnnouncementsPage.tsx,38
CALL-0109,GET,/admin/announcements/${id}/readers,web-console/src/pages/AdminAnnouncementsPage.tsx,43
CALL-0110,GET,/admin/apikey-policy,web-console/src/pages/AdminApikeySecurityPage.tsx,26
CALL-0111,PUT,/admin/apikey-policy,web-console/src/pages/AdminApikeySecurityPage.tsx,30
CALL-0112,GET,/admin/campaigns?status=${status}&page_size=50,web-console/src/pages/AdminCampaignsPage.tsx,35
CALL-0113,PUT,/admin/campaigns/${editor!.id},web-console/src/pages/AdminCampaignsPage.tsx,52
CALL-0114,POST,/admin/campaigns,web-console/src/pages/AdminCampaignsPage.tsx,52
CALL-0115,POST,/admin/campaigns/${id}/status,web-console/src/pages/AdminCampaignsPage.tsx,58
CALL-0116,DELETE,/admin/campaigns/${id},web-console/src/pages/AdminCampaignsPage.tsx,63
CALL-0117,POST,/admin/campaigns/${detailId}/grant,web-console/src/pages/AdminCampaignsPage.tsx,68
CALL-0118,GET,/admin/chat/conversations/${currentId}/messages,web-console/src/pages/AdminChatPage.tsx,57
CALL-0119,POST,/admin/chat/conversations/${currentId}/reply,web-console/src/pages/AdminChatPage.tsx,65
CALL-0120,POST,/admin/chat/conversations/${currentId}/close,web-console/src/pages/AdminChatPage.tsx,76
CALL-0121,GET,/admin/finance/close/status,web-console/src/pages/AdminClosePage.tsx,50
CALL-0122,GET,/admin/finance/close/history,web-console/src/pages/AdminClosePage.tsx,54
CALL-0123,POST,/admin/finance/close/execute,web-console/src/pages/AdminClosePage.tsx,58
CALL-0124,POST,/admin/finance/close/${unlock?.period}/unlock,web-console/src/pages/AdminClosePage.tsx,72
CALL-0125,GET,/health,web-console/src/pages/AdminCockpitPage.tsx,598
CALL-0126,GET,/admin/suppliers,web-console/src/pages/AdminCockpitPage.tsx,599
CALL-0127,GET,/admin/consent/policies,web-console/src/pages/AdminConsentPage.tsx,97
CALL-0128,PUT,/admin/consent/policies/${editing!.id},web-console/src/pages/AdminConsentPage.tsx,103
CALL-0129,GET,/admin/consent/logs?page_size=100,web-console/src/pages/AdminConsentPage.tsx,212
CALL-0130,GET,/admin/content-moderation?status=${status}&page=${page}&page_size=${PAGE_SIZE},web-console/src/pages/AdminContentModerationPage.tsx,33
CALL-0131,POST,/admin/content-moderation/${id}/${op},web-console/src/pages/AdminContentModerationPage.tsx,39
CALL-0132,GET,/admin/content,web-console/src/pages/AdminContentPage.tsx,16
CALL-0133,PUT,/admin/content/${editing.id},web-console/src/pages/AdminContentPage.tsx,28
CALL-0134,GET,/admin/content,web-console/src/pages/AdminContentPage.tsx,31
CALL-0135,GET,/admin/conversation-records,web-console/src/pages/AdminConversationRecordsPage.tsx,159
CALL-0136,GET,/admin/conversation-records/${requestId},web-console/src/pages/AdminConversationRecordsPage.tsx,181
CALL-0137,GET,/admin/conversation-records/export,web-console/src/pages/AdminConversationRecordsPage.tsx,192
CALL-0138,GET,/admin/conversation-records/retention,web-console/src/pages/AdminConversationRecordsPage.tsx,213
CALL-0139,PUT,/admin/conversation-records/retention,web-console/src/pages/AdminConversationRecordsPage.tsx,227
CALL-0140,POST,/admin/conversation-records/retention/run,web-console/src/pages/AdminConversationRecordsPage.tsx,241
CALL-0141,GET,/admin/conversation-records/retention,web-console/src/pages/AdminConversationRecordsPage.tsx,244
CALL-0142,GET,/admin/coupons?${params},web-console/src/pages/AdminCouponPage.tsx,37
CALL-0143,POST,/admin/coupons/generate,web-console/src/pages/AdminCouponPage.tsx,42
CALL-0144,GET,/admin/credit/meta,web-console/src/pages/AdminCreditPage.tsx,124
CALL-0145,GET,/admin/credit/customers?${params.toString()},web-console/src/pages/AdminCreditPage.tsx,138
CALL-0146,GET,/admin/credit/opened,web-console/src/pages/AdminCreditPage.tsx,149
CALL-0147,GET,/admin/credit/rules?customer_id=${currentCust!.id},web-console/src/pages/AdminCreditPage.tsx,159
CALL-0148,GET,/admin/credit/customers/${id},web-console/src/pages/AdminCreditPage.tsx,189
CALL-0149,GET,/admin/credit/customers/${cid},web-console/src/pages/AdminCreditPage.tsx,209
CALL-0150,PATCH,/admin/credit/rules/${editRuleId},web-console/src/pages/AdminCreditPage.tsx,247
CALL-0151,POST,/admin/credit/rules,web-console/src/pages/AdminCreditPage.tsx,256
CALL-0152,POST,/admin/credit/rules/${id}/toggle,web-console/src/pages/AdminCreditPage.tsx,272
CALL-0153,GET,/admin/customers/${userId},web-console/src/pages/AdminCustomerDetailPage.tsx,78
CALL-0154,GET,/admin/customers/${userId}/consumption?page_size=50,web-console/src/pages/AdminCustomerDetailPage.tsx,84
CALL-0155,GET,/admin/customers/${userId}/recharges?page_size=50,web-console/src/pages/AdminCustomerDetailPage.tsx,90
CALL-0156,GET,/admin/customers/${userId}/api-keys,web-console/src/pages/AdminCustomerDetailPage.tsx,96
CALL-0157,GET,/admin/customers/${userId}/tickets?page_size=50,web-console/src/pages/AdminCustomerDetailPage.tsx,102
CALL-0158,GET,/admin/customers/${userId}/operation-logs?page_size=50,web-console/src/pages/AdminCustomerDetailPage.tsx,108
CALL-0159,PUT,/admin/customers/${userId},web-console/src/pages/AdminCustomerDetailPage.tsx,122
CALL-0160,POST,/admin/customers/${userId}/reset-password,web-console/src/pages/AdminCustomerDetailPage.tsx,155
CALL-0161,PATCH,/admin/customers/${userId}/status,web-console/src/pages/AdminCustomerDetailPage.tsx,195
CALL-0162,GET,/admin/customers?${params.toString()},web-console/src/pages/AdminCustomersPage.tsx,117
CALL-0163,PATCH,/admin/customers/${row.id}/status,web-console/src/pages/AdminCustomersPage.tsx,182
CALL-0164,POST,/admin/customers,web-console/src/pages/AdminCustomersPage.tsx,200
CALL-0165,PUT,/admin/customers/${editTarget?.id},web-console/src/pages/AdminCustomersPage.tsx,234
CALL-0166,POST,/admin/customers/batch/status,web-console/src/pages/AdminCustomersPage.tsx,257
CALL-0167,POST,/admin/customers/batch/reset-password,web-console/src/pages/AdminCustomersPage.tsx,275
CALL-0168,GET,/admin/agents?page_size=200,web-console/src/pages/AdminCustomersPage.tsx,294
CALL-0169,POST,/admin/customers/batch/bind-agent,web-console/src/pages/AdminCustomersPage.tsx,303
CALL-0170,POST,/admin/customers/batch/verify,web-console/src/pages/AdminCustomersPage.tsx,329
CALL-0171,GET,/admin/dashboard,web-console/src/pages/AdminDashboardPage.tsx,39
CALL-0172,GET,/public/stats,web-console/src/pages/AdminDashboardPage.tsx,42
CALL-0173,GET,/admin/data-requests,web-console/src/pages/AdminDataRequestPage.tsx,37
CALL-0174,POST,/admin/data-requests/${id}/approve,web-console/src/pages/AdminDataRequestPage.tsx,44
CALL-0175,POST,/admin/data-requests/${id}/reject,web-console/src/pages/AdminDataRequestPage.tsx,50
CALL-0176,POST,/admin/data-requests/${id}/export,web-console/src/pages/AdminDataRequestPage.tsx,55
CALL-0177,POST,/admin/data-requests,web-console/src/pages/AdminDataRequestPage.tsx,61
CALL-0178,GET,/admin/deletion/stats,web-console/src/pages/AdminDeletionPage.tsx,61
CALL-0179,GET,/admin/deletion/requests/${detailId},web-console/src/pages/AdminDeletionPage.tsx,68
CALL-0180,POST,/admin/deletion/requests/${body.id}/reject,web-console/src/pages/AdminDeletionPage.tsx,77
CALL-0181,POST,/admin/deletion/requests/${id}/complete,web-console/src/pages/AdminDeletionPage.tsx,91
CALL-0182,GET,/admin/discount-rules,web-console/src/pages/AdminDiscountEnginePage.tsx,27
CALL-0183,PUT,/admin/discount-rules/${id},web-console/src/pages/AdminDiscountEnginePage.tsx,31
CALL-0184,PUT,/admin/discount-rules/${payload.editing.id},web-console/src/pages/AdminDiscountEnginePage.tsx,39
CALL-0185,POST,/admin/discount-rules,web-console/src/pages/AdminDiscountEnginePage.tsx,40
CALL-0186,POST,/admin/discount-rules/${id}/delete,web-console/src/pages/AdminDiscountEnginePage.tsx,52
CALL-0187,GET,/admin/disputes,web-console/src/pages/AdminDisputePage.tsx,17
CALL-0188,POST,/admin/disputes/${handling!.id}/resolve,web-console/src/pages/AdminDisputePage.tsx,24
CALL-0189,PUT,/admin/email-templates/${editor!.name},web-console/src/pages/AdminEmailTemplatesPage.tsx,39
CALL-0190,POST,/admin/email-templates,web-console/src/pages/AdminEmailTemplatesPage.tsx,39
CALL-0191,DELETE,/admin/email-templates/${name},web-console/src/pages/AdminEmailTemplatesPage.tsx,45
CALL-0192,POST,/admin/email-templates/${name}/test,web-console/src/pages/AdminEmailTemplatesPage.tsx,51
CALL-0193,POST,/admin/email-templates/${template}/test,web-console/src/pages/AdminEmailTemplatesPage.tsx,56
CALL-0194,GET,/admin/email-logs?page_size=100,web-console/src/pages/AdminEmailTemplatesPage.tsx,62
CALL-0195,GET,/admin/finance/dashboard,web-console/src/pages/AdminFinancePage.tsx,73
CALL-0196,GET,/admin/finance/transactions?limit=10,web-console/src/pages/AdminFinancePage.tsx,78
CALL-0197,GET,/admin/finance/rules,web-console/src/pages/AdminFinanceRiskConfigPage.tsx,183
CALL-0198,PUT,/admin/finance/rules,web-console/src/pages/AdminFinanceRiskConfigPage.tsx,207
CALL-0199,GET,/admin/finance/accounts,web-console/src/pages/AdminFundsAccountsPage.tsx,37
CALL-0200,GET,/admin/finance/accounts/trend?days=30,web-console/src/pages/AdminFundsAccountsPage.tsx,41
CALL-0201,POST,/admin/groups,web-console/src/pages/AdminGroupsPage.tsx,355
CALL-0202,PUT,/admin/groups/${id},web-console/src/pages/AdminGroupsPage.tsx,367
CALL-0203,DELETE,/admin/groups/${id},web-console/src/pages/AdminGroupsPage.tsx,378
CALL-0204,PUT,/admin/users/${userId}/group,web-console/src/pages/AdminGroupsPage.tsx,389
CALL-0205,GET,/admin/i18n/entries,web-console/src/pages/AdminI18nPage.tsx,69
CALL-0206,PUT,/admin/i18n/entries/${cell.id},web-console/src/pages/AdminI18nPage.tsx,103
CALL-0207,DELETE,/admin/i18n/entries/${cell.id},web-console/src/pages/AdminI18nPage.tsx,119
CALL-0208,POST,/admin/i18n/entries,web-console/src/pages/AdminI18nPage.tsx,135
CALL-0209,GET,/admin/invoice-stats/summary,web-console/src/pages/AdminInvoicesPage.tsx,58
CALL-0210,GET,/admin/invoice-stats/trend?months=12,web-console/src/pages/AdminInvoicesPage.tsx,62
CALL-0211,GET,/admin/invoice-stats/uninvoiced,web-console/src/pages/AdminInvoicesPage.tsx,66
CALL-0212,POST,/admin/invoices/${id}/issue,web-console/src/pages/AdminInvoicesPage.tsx,74
CALL-0213,POST,/admin/invoices/${id}/reject,web-console/src/pages/AdminInvoicesPage.tsx,79
CALL-0214,POST,/admin/invoices/${id}/send-email,web-console/src/pages/AdminInvoicesPage.tsx,84
CALL-0215,PUT,/admin/knowledge-base/${editArticle.id},web-console/src/pages/AdminKnowledgeBasePage.tsx,41
CALL-0216,POST,/admin/knowledge-base,web-console/src/pages/AdminKnowledgeBasePage.tsx,42
CALL-0217,DELETE,/admin/knowledge-base/${id},web-console/src/pages/AdminKnowledgeBasePage.tsx,54
CALL-0218,POST,/admin/manual-topup/${review?.id}/review,web-console/src/pages/AdminManualRechargePage.tsx,328
CALL-0219,POST,/admin/manual-topup,web-console/src/pages/AdminManualRechargePage.tsx,372
CALL-0220,GET,/admin/manual-topup/users?search=${encodeURIComponent(kw)}&page_size=10,web-console/src/pages/AdminManualRechargePage.tsx,406
CALL-0221,POST,/admin/models,web-console/src/pages/AdminModelsPage.tsx,39
CALL-0222,PUT,/admin/models/${id},web-console/src/pages/AdminModelsPage.tsx,45
CALL-0223,PUT,/admin/models/${id},web-console/src/pages/AdminModelsPage.tsx,51
CALL-0224,GET,/admin/notification-policies,web-console/src/pages/AdminNotificationPolicyPage.tsx,48
CALL-0225,GET,/admin/email-templates,web-console/src/pages/AdminNotificationPolicyPage.tsx,49
CALL-0226,PUT,/admin/notification-policies/${id},web-console/src/pages/AdminNotificationPolicyPage.tsx,54
CALL-0227,PUT,/admin/notification-policies/${p.id},web-console/src/pages/AdminNotificationPolicyPage.tsx,70
CALL-0228,GET,/admin/notification-policies,web-console/src/pages/AdminNotificationPolicyPage.tsx,72
CALL-0229,POST,/admin/notification-policies,web-console/src/pages/AdminNotificationPolicyPage.tsx,90
CALL-0230,GET,/admin/notification-policies,web-console/src/pages/AdminNotificationPolicyPage.tsx,93
CALL-0231,POST,/admin/notification-policies/${id}/delete,web-console/src/pages/AdminNotificationPolicyPage.tsx,113
CALL-0232,GET,/admin/payment/config,web-console/src/pages/AdminPaymentPage.tsx,73
CALL-0233,GET,/admin/payment/certs,web-console/src/pages/AdminPaymentPage.tsx,77
CALL-0234,PUT,/admin/payment/config,web-console/src/pages/AdminPaymentPage.tsx,84
CALL-0235,POST,/admin/payment/cert,web-console/src/pages/AdminPaymentPage.tsx,93
CALL-0236,GET,/admin/performance,web-console/src/pages/AdminPerformancePage.tsx,31
CALL-0237,PUT,/admin/performance,web-console/src/pages/AdminPerformancePage.tsx,38
CALL-0238,GET,/admin/pricing?${params},web-console/src/pages/AdminPricingPage.tsx,36
CALL-0239,PUT,/admin/pricing/${editPricing?.id},web-console/src/pages/AdminPricingPage.tsx,41
CALL-0240,GET,/admin/real-name/stats,web-console/src/pages/AdminRealNamePage.tsx,262
CALL-0241,GET,/admin/real-name/${drawerId},web-console/src/pages/AdminRealNamePage.tsx,287
CALL-0242,POST,/admin/real-name/${ids[0]}/review,web-console/src/pages/AdminRealNamePage.tsx,315
CALL-0243,POST,/admin/real-name/review,web-console/src/pages/AdminRealNamePage.tsx,317
CALL-0244,POST,/admin/real-name/direct,web-console/src/pages/AdminRealNamePage.tsx,330
CALL-0245,POST,/admin/real-name/invite,web-console/src/pages/AdminRealNamePage.tsx,342
CALL-0246,POST,/admin/recharge-orders/${id}/${action},web-console/src/pages/AdminRechargeOrdersPage.tsx,147
CALL-0247,GET,/admin/redemption/batches,web-console/src/pages/AdminRedemptionPage.tsx,33
CALL-0248,POST,/admin/redemption/batches,web-console/src/pages/AdminRedemptionPage.tsx,41
CALL-0249,POST,/admin/redemption/batches/${id}/toggle,web-console/src/pages/AdminRedemptionPage.tsx,46
CALL-0250,POST,/admin/refunds/${review?.id}/review,web-console/src/pages/AdminRefundReviewPage.tsx,81
CALL-0251,GET,/admin/roles,web-console/src/pages/AdminRolesPage.tsx,24
CALL-0252,GET,/admin/roles/permissions/list,web-console/src/pages/AdminRolesPage.tsx,25
CALL-0253,PUT,/admin/roles/,web-console/src/pages/AdminRolesPage.tsx,43
CALL-0254,GET,/admin/roles,web-console/src/pages/AdminRolesPage.tsx,44
CALL-0255,POST,/admin/roles/,web-console/src/pages/AdminRolesPage.tsx,51
CALL-0256,GET,/admin/roles,web-console/src/pages/AdminRolesPage.tsx,52
CALL-0257,POST,/admin/roles,web-console/src/pages/AdminRolesPage.tsx,58
CALL-0258,GET,/admin/roles,web-console/src/pages/AdminRolesPage.tsx,59
CALL-0259,GET,/admin/settings,web-console/src/pages/AdminSettingsPage.tsx,77
CALL-0260,PUT,/admin/settings/site,web-console/src/pages/AdminSettingsPage.tsx,115
CALL-0261,PUT,/admin/settings/rate-limit,web-console/src/pages/AdminSettingsPage.tsx,125
CALL-0262,PUT,/admin/settings/security,web-console/src/pages/AdminSettingsPage.tsx,129
CALL-0263,PUT,/admin/settings/features,web-console/src/pages/AdminSettingsPage.tsx,133
CALL-0264,PUT,/admin/settings/api,web-console/src/pages/AdminSettingsPage.tsx,137
CALL-0265,PUT,/admin/settings/billing,web-console/src/pages/AdminSettingsPage.tsx,141
CALL-0266,GET,/admin/subscription/plans,web-console/src/pages/AdminSubscriptionPage.tsx,63
CALL-0267,PUT,/admin/subscription/plans/${id},web-console/src/pages/AdminSubscriptionPage.tsx,73
CALL-0268,POST,/admin/subscription/plans,web-console/src/pages/AdminSubscriptionPage.tsx,74
CALL-0269,GET,/admin/support/kpi,web-console/src/pages/AdminSupportPage.tsx,64
CALL-0270,GET,/admin/support/test-keys,web-console/src/pages/AdminSupportPage.tsx,92
CALL-0271,GET,/admin/support/audit-logs,web-console/src/pages/AdminSupportPage.tsx,93
CALL-0272,POST,/admin/support/assist/intent,web-console/src/pages/AdminSupportPage.tsx,99
CALL-0273,GET,/admin/support/assist/diagnose/${Number(uid)},web-console/src/pages/AdminSupportPage.tsx,104
CALL-0274,POST,/admin/support/test-key,web-console/src/pages/AdminSupportPage.tsx,109
CALL-0275,POST,/admin/support/test-key/${id}/revoke,web-console/src/pages/AdminSupportPage.tsx,114
CALL-0276,GET,/admin/sys/cache/keys?pattern=${encodeURIComponent(pattern)},web-console/src/pages/AdminSysCachePage.tsx,23
CALL-0277,DELETE,/admin/sys/cache/key,web-console/src/pages/AdminSysCachePage.tsx,35
CALL-0278,POST,/admin/sys/cache/flush,web-console/src/pages/AdminSysCachePage.tsx,49
CALL-0279,GET,/admin/sys/db/tables,web-console/src/pages/AdminSysDbPage.tsx,23
CALL-0280,POST,/admin/sys/db/query,web-console/src/pages/AdminSysDbPage.tsx,34
CALL-0281,GET,/admin/sys/logs,web-console/src/pages/AdminSysLogsPage.tsx,17
CALL-0282,GET,/admin/sys/logs/read?file=${encodeURIComponent(file)}&search=${encodeURIComponent(search)}&lines=${lines},web-console/src/pages/AdminSysLogsPage.tsx,23
CALL-0283,GET,/admin/sys/version,web-console/src/pages/AdminSysVersionPage.tsx,12
CALL-0284,GET,/admin/sys/migrations,web-console/src/pages/AdminSysVersionPage.tsx,18
CALL-0285,GET,/admin/tax-banking/config,web-console/src/pages/AdminTaxBankingPage.tsx,21
CALL-0286,GET,/admin/tax-banking/history,web-console/src/pages/AdminTaxBankingPage.tsx,29
CALL-0287,GET,/admin/tax-banking/bank-accounts,web-console/src/pages/AdminTaxBankingPage.tsx,33
CALL-0288,PUT,/admin/tax-banking/config,web-console/src/pages/AdminTaxBankingPage.tsx,37
CALL-0289,GET,/admin/tickets/stats,web-console/src/pages/AdminTicketsPage.tsx,48
CALL-0290,GET,/admin/tickets/${activeId},web-console/src/pages/AdminTicketsPage.tsx,51
CALL-0291,POST,/admin/tickets/${activeId}/status,web-console/src/pages/AdminTicketsPage.tsx,56
CALL-0292,POST,/admin/tickets/${activeId}/reply,web-console/src/pages/AdminTicketsPage.tsx,61
CALL-0293,POST,/admin/tickets/${activeId}/note,web-console/src/pages/AdminTicketsPage.tsx,66
CALL-0294,POST,/admin/tickets/${activeId}/assign,web-console/src/pages/AdminTicketsPage.tsx,71
CALL-0295,GET,/admin/undo/records,web-console/src/pages/AdminUndoPage.tsx,32
CALL-0296,GET,/admin/undo/config,web-console/src/pages/AdminUndoPage.tsx,33
CALL-0297,POST,/admin/undo/${id}/execute,web-console/src/pages/AdminUndoPage.tsx,42
CALL-0298,GET,/admin/undo/records,web-console/src/pages/AdminUndoPage.tsx,44
CALL-0299,PUT,/admin/undo/config,web-console/src/pages/AdminUndoPage.tsx,51
CALL-0300,GET,/admin/users?page_size=500,web-console/src/pages/AdminUsersPermissionPage.tsx,42
CALL-0301,GET,/admin/roles,web-console/src/pages/AdminUsersPermissionPage.tsx,43
CALL-0302,GET,/admin/users/,web-console/src/pages/AdminUsersPermissionPage.tsx,48
CALL-0303,POST,/admin/users/,web-console/src/pages/AdminUsersPermissionPage.tsx,64
CALL-0304,POST,/admin/users/,web-console/src/pages/AdminUsersPermissionPage.tsx,84
CALL-0305,GET,/admin/vendor-settlements?status=${status}&page_size=50,web-console/src/pages/AdminVendorSettlementsPage.tsx,44
CALL-0306,POST,/admin/vendor-settlements/generate,web-console/src/pages/AdminVendorSettlementsPage.tsx,48
CALL-0307,POST,/admin/vendor-settlements/${id}/${op},web-console/src/pages/AdminVendorSettlementsPage.tsx,53
CALL-0308,POST,/admin/vendors,web-console/src/pages/AdminVendorsPage.tsx,57
CALL-0309,POST,/admin/vendors/${id}/toggle-status,web-console/src/pages/AdminVendorsPage.tsx,63
CALL-0310,POST,/admin/vendors/${id}/${op},web-console/src/pages/AdminVendorsPage.tsx,69
CALL-0311,POST,/admin/vendors/${detail!.id}/models,web-console/src/pages/AdminVendorsPage.tsx,75
CALL-0312,PUT,/admin/vendor-models/${id},web-console/src/pages/AdminVendorsPage.tsx,80
CALL-0313,DELETE,/admin/vendor-models/${id},web-console/src/pages/AdminVendorsPage.tsx,85
CALL-0314,GET,/admin/vendors/${detail!.id}/keys,web-console/src/pages/AdminVendorsPage.tsx,92
CALL-0315,POST,/admin/vendors/${vendorId}/keys,web-console/src/pages/AdminVendorsPage.tsx,96
CALL-0316,POST,/admin/vendor-keys/${id}/toggle,web-console/src/pages/AdminVendorsPage.tsx,101
CALL-0317,DELETE,/admin/vendor-keys/${id},web-console/src/pages/AdminVendorsPage.tsx,106
CALL-0318,GET,/admin/webhook-retry,web-console/src/pages/AdminWebhookRetryPage.tsx,21
CALL-0319,PUT,/admin/webhook-retry/${id},web-console/src/pages/AdminWebhookRetryPage.tsx,26
CALL-0320,PUT,/admin/webhook-retry/${c.id},web-console/src/pages/AdminWebhookRetryPage.tsx,36
CALL-0321,GET,/admin/webhook-retry,web-console/src/pages/AdminWebhookRetryPage.tsx,39
CALL-0322,GET,/admin/webhooks,web-console/src/pages/AdminWebhooksPage.tsx,50
CALL-0323,GET,/admin/webhooks/${logWebhookId}/logs,web-console/src/pages/AdminWebhooksPage.tsx,57
CALL-0324,PUT,/admin/webhooks/${editId},web-console/src/pages/AdminWebhooksPage.tsx,70
CALL-0325,POST,/admin/webhooks,web-console/src/pages/AdminWebhooksPage.tsx,71
CALL-0326,DELETE,/admin/webhooks/${id},web-console/src/pages/AdminWebhooksPage.tsx,95
CALL-0327,PUT,/admin/webhooks/${id}/toggle,web-console/src/pages/AdminWebhooksPage.tsx,109
CALL-0328,POST,/admin/webhooks/${id}/test,web-console/src/pages/AdminWebhooksPage.tsx,123
CALL-0329,POST,/admin/agent-withdrawals/${id}/review,web-console/src/pages/AdminWithdrawalsPage.tsx,64
CALL-0330,POST,/admin/agent-withdrawals/${id}/transfer,web-console/src/pages/AdminWithdrawalsPage.tsx,76
CALL-0331,GET,/admin/agent-withdrawals/${id},web-console/src/pages/AdminWithdrawalsPage.tsx,93
CALL-0332,GET,/agent/commission,web-console/src/pages/AgentCommissionPage.tsx,14
CALL-0333,GET,/agent/consumption,web-console/src/pages/AgentConsumptionPage.tsx,14
CALL-0334,GET,/agent/customers,web-console/src/pages/AgentCustomersPage.tsx,12
CALL-0335,GET,/agent/dashboard,web-console/src/pages/AgentDashboardPage.tsx,23
CALL-0336,GET,/agent/consumption/recent,web-console/src/pages/AgentDashboardPage.tsx,24
CALL-0337,GET,/agent/invite/code,web-console/src/pages/AgentInvitePage.tsx,44
CALL-0338,GET,/agent/invite/records,web-console/src/pages/AgentInvitePage.tsx,51
CALL-0339,GET,/agent/materials,web-console/src/pages/AgentInvitePage.tsx,52
CALL-0340,POST,/agent/invite/code/regenerate,web-console/src/pages/AgentInvitePage.tsx,61
CALL-0341,GET,/agent/ranking,web-console/src/pages/AgentRankingPage.tsx,24
CALL-0342,GET,/me/agent/profile,web-console/src/pages/AgentSettingsPage.tsx,109
CALL-0343,GET,/me/agent/commission-rules,web-console/src/pages/AgentSettingsPage.tsx,113
CALL-0344,GET,/me/agent/withdraw-summary,web-console/src/pages/AgentSettingsPage.tsx,117
CALL-0345,GET,/agent/reports,web-console/src/pages/AgentSettingsPage.tsx,121
CALL-0346,GET,/me/agent/notif-prefs,web-console/src/pages/AgentSettingsPage.tsx,127
CALL-0347,POST,/agent/reports,web-console/src/pages/AgentSettingsPage.tsx,157
CALL-0348,POST,/me/agent/withdraw,web-console/src/pages/AgentSettingsPage.tsx,168
CALL-0349,PUT,/me/agent/notif-prefs,web-console/src/pages/AgentSettingsPage.tsx,188
CALL-0350,GET,/agent/settlements,web-console/src/pages/AgentSettlementPage.tsx,39
CALL-0351,GET,/agent/settlements/${detailId},web-console/src/pages/AgentSettlementPage.tsx,46
CALL-0352,POST,/agent/settlements/${id}/confirm,web-console/src/pages/AgentSettlementPage.tsx,51
CALL-0353,GET,/agent/withdraw/balance,web-console/src/pages/AgentWithdrawPage.tsx,20
CALL-0354,GET,/agent/withdraw/records,web-console/src/pages/AgentWithdrawPage.tsx,21
CALL-0355,GET,/agent/withdraw/bank-info,web-console/src/pages/AgentWithdrawPage.tsx,22
CALL-0356,POST,/agent/withdraw/apply,web-console/src/pages/AgentWithdrawPage.tsx,32
CALL-0357,GET,/agent/withdraw/records,web-console/src/pages/AgentWithdrawPage.tsx,35
CALL-0358,GET,/agent/withdraw/balance,web-console/src/pages/AgentWithdrawPage.tsx,37
CALL-0359,PUT,/agent/withdraw/bank-info,web-console/src/pages/AgentWithdrawPage.tsx,43
CALL-0360,GET,/me/announcements,web-console/src/pages/AnnouncementsPage.tsx,30
CALL-0361,GET,/me/announcements/unread-count,web-console/src/pages/AnnouncementsPage.tsx,36
CALL-0362,POST,/me/announcements/${id}/read,web-console/src/pages/AnnouncementsPage.tsx,40
CALL-0363,POST,/me/announcements/read-all,web-console/src/pages/AnnouncementsPage.tsx,47
CALL-0364,GET,/me/api-keys,web-console/src/pages/ApiKeysPage.tsx,65
CALL-0365,GET,/public/api-config,web-console/src/pages/ApiKeysPage.tsx,76
CALL-0366,POST,/me/api-keys,web-console/src/pages/ApiKeysPage.tsx,85
CALL-0367,DELETE,/me/api-keys/${id},web-console/src/pages/ApiKeysPage.tsx,100
CALL-0368,PATCH,/me/api-keys/${id},web-console/src/pages/ApiKeysPage.tsx,110
CALL-0369,GET,/me/billing/current,web-console/src/pages/BillingPage.tsx,47
CALL-0370,GET,/me/billing/history,web-console/src/pages/BillingPage.tsx,52
CALL-0371,GET,/me/billing/current/daily,web-console/src/pages/BillingPage.tsx,57
CALL-0372,GET,/me/billing/history/${expandedMonth},web-console/src/pages/BillingPage.tsx,62
CALL-0373,GET,/me/billing/history/${cur?.period}/download,web-console/src/pages/BillingPage.tsx,70
CALL-0374,GET,/me/data-export/requests,web-console/src/pages/ConsentPage.tsx,85
CALL-0375,POST,/me/data-export/request,web-console/src/pages/ConsentPage.tsx,89
CALL-0376,GET,/me/stats,web-console/src/pages/DashboardPage.tsx,107
CALL-0377,POST,/me/deletion/request,web-console/src/pages/DeletionPage.tsx,66
CALL-0378,POST,/me/deletion/cancel,web-console/src/pages/DeletionPage.tsx,77
CALL-0379,POST,/auth/forgot-password,web-console/src/pages/ForgotPasswordPage.tsx,21
CALL-0380,POST,/auth/reset-password,web-console/src/pages/ForgotPasswordPage.tsx,34
CALL-0381,GET,/me/knowledge-base/categories,web-console/src/pages/HelpCenterPage.tsx,43
CALL-0382,POST,/me/knowledge-base/${articleId}/feedback,web-console/src/pages/HelpCenterPage.tsx,53
CALL-0383,GET,/me/invoices/quota,web-console/src/pages/InvoicesPage.tsx,77
CALL-0384,GET,/me/invoices,web-console/src/pages/InvoicesPage.tsx,86
CALL-0385,POST,/me/invoices,web-console/src/pages/InvoicesPage.tsx,106
CALL-0386,GET,/me/invoices/${id}/download,web-console/src/pages/InvoicesPage.tsx,122
CALL-0387,POST,/auth/login,web-console/src/pages/LoginPage.tsx,80
CALL-0388,POST,/auth/2fa/verify,web-console/src/pages/LoginPage.tsx,115
CALL-0389,GET,/auth/oauth/github/url,web-console/src/pages/LoginPage.tsx,144
CALL-0390,GET,/me/logs?${params.toString()},web-console/src/pages/LogsPage.tsx,45
CALL-0391,GET,/me/keys,web-console/src/pages/MjSunoTasksPage.tsx,283
CALL-0392,GET,/me/notifications,web-console/src/pages/NotificationPage.tsx,111
CALL-0393,GET,/me/notification-settings,web-console/src/pages/NotificationPage.tsx,119
CALL-0394,POST,/me/notifications/${id}/read,web-console/src/pages/NotificationPage.tsx,125
CALL-0395,POST,/me/notifications/read-all,web-console/src/pages/NotificationPage.tsx,131
CALL-0396,POST,/me/notification-settings/${type}/email,web-console/src/pages/NotificationPage.tsx,141
CALL-0397,GET,/me/preferences/notifications,web-console/src/pages/NotificationSettingsPage.tsx,74
CALL-0398,PUT,/me/preferences/notifications,web-console/src/pages/NotificationSettingsPage.tsx,82
CALL-0399,POST,/me/preferences/notifications/reset,web-console/src/pages/NotificationSettingsPage.tsx,92
CALL-0400,GET,/auth/oauth/github/url,web-console/src/pages/OAuthPage.tsx,114
CALL-0401,GET,/me/keys,web-console/src/pages/PlaygroundPage.tsx,52
CALL-0402,GET,/me/models,web-console/src/pages/PlaygroundPage.tsx,57
CALL-0403,GET,/me/real-name,web-console/src/pages/RealNamePage.tsx,71
CALL-0404,POST,/me/real-name,web-console/src/pages/RealNamePage.tsx,98
CALL-0405,GET,/me/balance,web-console/src/pages/RechargePage.tsx,86
CALL-0406,GET,/me/recharge-orders?page=1&page_size=5,web-console/src/pages/RechargePage.tsx,95
CALL-0407,POST,/me/recharge,web-console/src/pages/RechargePage.tsx,102
CALL-0408,GET,/me/redemption/history?page_size=50,web-console/src/pages/RedemptionPage.tsx,38
CALL-0409,POST,/me/redemption/redeem,web-console/src/pages/RedemptionPage.tsx,43
CALL-0410,POST,/auth/register,web-console/src/pages/RegisterPage.tsx,50
CALL-0411,GET,/me/customers/${uid},web-console/src/pages/SalesCustomerDetailPage.tsx,42
CALL-0412,POST,/me/customers/${uid}/contacts,web-console/src/pages/SalesCustomerDetailPage.tsx,52
CALL-0413,PUT,/me/customers/${uid}/status,web-console/src/pages/SalesCustomerDetailPage.tsx,68
CALL-0414,PUT,/me/customers/${uid}/tags,web-console/src/pages/SalesCustomerDetailPage.tsx,81
CALL-0415,GET,/me/customer-tags,web-console/src/pages/SalesCustomerDetailPage.tsx,87
CALL-0416,GET,/me/customers/${uid}/consumption?${params},web-console/src/pages/SalesCustomerDetailPage.tsx,99
CALL-0417,GET,/me/customers/${uid}/recharges?page_size=10,web-console/src/pages/SalesCustomerDetailPage.tsx,107
CALL-0418,GET,/me/customers?${params},web-console/src/pages/SalesCustomersPage.tsx,44
CALL-0419,POST,/me/customers/${userId}/assign,web-console/src/pages/SalesCustomersPage.tsx,51
CALL-0420,GET,/me/sales-performance?${params},web-console/src/pages/SalesPerformancePage.tsx,30
CALL-0421,GET,/agent/ranking?${params},web-console/src/pages/SalesPerformancePage.tsx,38
CALL-0422,GET,/me/follow-reminders?status=${status},web-console/src/pages/SalesRemindersPage.tsx,36
CALL-0423,POST,/me/follow-reminders/${id}/complete,web-console/src/pages/SalesRemindersPage.tsx,42
CALL-0424,POST,/me/follow-reminders/${id}/ignore,web-console/src/pages/SalesRemindersPage.tsx,51
CALL-0425,POST,/me/follow-reminders,web-console/src/pages/SalesRemindersPage.tsx,61
CALL-0426,GET,/me,web-console/src/pages/SecurityPage.tsx,70
CALL-0427,POST,/auth/send-email-code,web-console/src/pages/SecurityPage.tsx,76
CALL-0428,PUT,/me/change-email,web-console/src/pages/SecurityPage.tsx,131
CALL-0429,PUT,/me/change-password,web-console/src/pages/SecurityPage.tsx,213
CALL-0430,GET,/auth/2fa/status,web-console/src/pages/SecurityPage.tsx,289
CALL-0431,POST,/auth/2fa/enable,web-console/src/pages/SecurityPage.tsx,307
CALL-0432,POST,/auth/2fa/disable,web-console/src/pages/SecurityPage.tsx,322
CALL-0433,GET,/auth/oauth/github/url,web-console/src/pages/SecurityPage.tsx,508
CALL-0434,GET,/me/devices,web-console/src/pages/SecurityPage.tsx,591
CALL-0435,POST,/me/devices/${deviceId}/logout,web-console/src/pages/SecurityPage.tsx,596
CALL-0436,GET,/me/login-history,web-console/src/pages/SecurityPage.tsx,658
CALL-0437,GET,/me/api-keys,web-console/src/pages/SecurityPage.tsx,718
CALL-0438,POST,/me/api-keys/revoke-all,web-console/src/pages/SecurityPage.tsx,728
CALL-0439,GET,/me/statistics,web-console/src/pages/StatisticsPage.tsx,210
CALL-0440,POST,/me/tickets,web-console/src/pages/TicketsPage.tsx,170
CALL-0441,POST,/me/tickets/${activeId}/reply,web-console/src/pages/TicketsPage.tsx,186
CALL-0442,POST,/me/tickets/${activeId}/resolve,web-console/src/pages/TicketsPage.tsx,196
CALL-0443,GET,/me/recharge/records,web-console/src/pages/TopupRecordsPage.tsx,98
CALL-0444,GET,/me/chat/history,web-console/src/pages/UserChatPage.tsx,51
CALL-0445,GET,/me/group,web-console/src/pages/UserGroupsPage.tsx,60
CALL-0446,GET,/me/group/models,web-console/src/pages/UserGroupsPage.tsx,66
CALL-0447,GET,/me/webhooks,web-console/src/pages/UserWebhooksPage.tsx,42
CALL-0448,PUT,/me/webhooks/${data.id},web-console/src/pages/UserWebhooksPage.tsx,47
CALL-0449,POST,/me/webhooks,web-console/src/pages/UserWebhooksPage.tsx,48
CALL-0450,DELETE,/me/webhooks/${id},web-console/src/pages/UserWebhooksPage.tsx,60
CALL-0451,PATCH,/me/webhooks/${id},web-console/src/pages/UserWebhooksPage.tsx,70
CALL-0452,FETCH,/api/v1/vendor/register,web-console/src/pages/vendor/VendorRegisterPage.tsx,17
CALL-0453,GET,/me/models,web-console/src/pages/VendorSelectorPage.tsx,109
CALL-0454,GET,/models/${encodeURIComponent(selectedModel)}/channels,web-console/src/pages/VendorSelectorPage.tsx,117
CALL-0455,GET,/me,web-console/src/store/auth.ts,64
CALL-0456,FETCH,/api/v1/vendor/login,web-console/src/store/vendor-auth.ts,24
CALL-0457,FETCH,${API_BASE}/api/v1/public/site-config,web-portal/src/app/about/page.tsx,18
CALL-0458,FETCH,${API_BASE}/api/v1/public/site-config,web-portal/src/app/layout.tsx,25
CALL-0459,FETCH,${API_BASE}/api/v1/public/models,web-portal/src/app/models/page.tsx,24
CALL-0460,FETCH,${API_BASE}/api/v1/public/models/health?window=1h,web-portal/src/app/models/page.tsx,39
CALL-0461,FETCH,${API_BASE}/api/v1/public/api-config,web-portal/src/app/page.tsx,39
CALL-0462,FETCH,${API_BASE}/api/v1/public/stats,web-portal/src/app/page.tsx,58
CALL-0463,FETCH,${API_BASE}/api/v1/public/pricing,web-portal/src/app/page.tsx,68
CALL-0464,FETCH,${API_BASE}/api/v1/public/pricing,web-portal/src/app/pricing/page.tsx,24
CALL-0465,FETCH,/health,web-portal/src/app/status/page.tsx,21
CALL-0466,FETCH,/api/v1/public/status,web-portal/src/app/status/page.tsx,29
CALL-0467,FETCH,${API_BASE}/api/v1/public/blog?page=${page}&pageSize=${pageSize},web-portal/src/lib/blog.ts,26
CALL-0468,FETCH,${API_BASE}/api/v1/public/blog/${encodeURIComponent(slug)},web-portal/src/lib/blog.ts,43
CALL-0469,FETCH,${API_BASE}/api/v1/public/i18n/entries?lang=${encodeURIComponent(lang)},web-portal/src/lib/i18n.ts,175
