page_id,app,path,line_count,interactive_markup_count,api_call_count,help_marker_count,query_mutation_count
PAGE-0001,console,web-console/src/pages/admin/AdminAgentApprovalsPage.tsx,293,11,5,6,9
PAGE-0002,console,web-console/src/pages/admin/AdminAuditLogPage.tsx,76,2,1,3,2
PAGE-0003,console,web-console/src/pages/admin/AdminBalanceAlertPage.tsx,152,5,4,4,8
PAGE-0004,console,web-console/src/pages/admin/AdminCommissionFlowPage.tsx,219,4,1,3,2
PAGE-0005,console,web-console/src/pages/admin/AdminCompetitiveMonitorPage.tsx,93,1,1,3,2
PAGE-0006,console,web-console/src/pages/admin/AdminConsumptionAnomalyPage.tsx,129,3,2,3,6
PAGE-0007,console,web-console/src/pages/admin/AdminConsumptionStreamPage.tsx,112,1,1,3,2
PAGE-0008,console,web-console/src/pages/admin/AdminConsumptionTrackingPage.tsx,109,3,1,3,2
PAGE-0009,console,web-console/src/pages/admin/AdminConversionFunnelPage.tsx,98,1,1,3,2
PAGE-0010,console,web-console/src/pages/admin/AdminCostDashboardPage.tsx,88,1,1,3,2
PAGE-0011,console,web-console/src/pages/admin/AdminCostPredictionPage.tsx,84,1,1,3,2
PAGE-0012,console,web-console/src/pages/admin/AdminCustomerSuccessPage.tsx,276,6,1,5,2
PAGE-0013,console,web-console/src/pages/admin/AdminMarketplaceHealthPage.tsx,402,6,3,3,7
PAGE-0014,console,web-console/src/pages/admin/AdminMarketplacePage.tsx,61,2,1,2,2
PAGE-0015,console,web-console/src/pages/admin/AdminModelServicePage.tsx,96,4,3,3,7
PAGE-0016,console,web-console/src/pages/admin/AdminMultimodalModelsPage.tsx,129,3,2,3,6
PAGE-0017,console,web-console/src/pages/admin/AdminOperationDiffPage.tsx,99,1,1,3,2
PAGE-0018,console,web-console/src/pages/admin/AdminOperatorDashboardPage.tsx,114,2,1,3,2
PAGE-0019,console,web-console/src/pages/admin/AdminPriceChangePage.tsx,490,15,7,5,11
PAGE-0020,console,web-console/src/pages/admin/AdminProfitPage.tsx,84,1,1,3,2
PAGE-0021,console,web-console/src/pages/admin/AdminReconciliationDiffPage.tsx,99,3,2,3,6
PAGE-0022,console,web-console/src/pages/admin/AdminReconciliationPage.tsx,86,1,1,3,2
PAGE-0023,console,web-console/src/pages/admin/AdminRiskEventsPage.tsx,97,5,2,3,6
PAGE-0024,console,web-console/src/pages/admin/AdminRiskPage.tsx,75,1,1,3,2
PAGE-0025,console,web-console/src/pages/admin/AdminRiskRulesPage.tsx,121,9,4,3,7
PAGE-0026,console,web-console/src/pages/admin/AdminSecurityIncidentPage.tsx,148,4,2,3,6
PAGE-0027,console,web-console/src/pages/admin/AdminSecurityIpBlacklistPage.tsx,136,6,3,3,7
PAGE-0028,console,web-console/src/pages/admin/AdminSettlementPage.tsx,107,3,2,3,6
PAGE-0029,console,web-console/src/pages/admin/AdminSmtpSettingsPage.tsx,155,8,3,2,7
PAGE-0030,console,web-console/src/pages/admin/AdminSupplierBillMatchPage.tsx,239,12,1,4,2
PAGE-0031,console,web-console/src/pages/admin/AdminSupplierDetailPage.tsx,395,9,4,4,8
PAGE-0032,console,web-console/src/pages/admin/AdminSupplierListPage.tsx,335,14,4,2,8
PAGE-0033,console,web-console/src/pages/admin/AdminVendorCostPage.tsx,95,5,2,3,6
PAGE-0034,console,web-console/src/pages/admin/AdminVendorPerformancePage.tsx,88,1,1,3,2
PAGE-0035,console,web-console/src/pages/admin/AdminVendorPricingPage.tsx,99,5,2,3,6
PAGE-0036,console,web-console/src/pages/admin/AdminVendorProfilesPage.tsx,105,9,3,3,6
PAGE-0037,console,web-console/src/pages/admin/AdminVendorStatsPage.tsx,76,1,1,3,2
PAGE-0038,console,web-console/src/pages/AdminActivityPage.tsx,105,2,1,2,4
PAGE-0039,console,web-console/src/pages/AdminAdjustPage.tsx,622,16,9,11,13
PAGE-0040,console,web-console/src/pages/AdminAffiliatePage.tsx,105,7,3,6,0
PAGE-0041,console,web-console/src/pages/AdminAgentsPage.tsx,294,9,3,0,7
PAGE-0042,console,web-console/src/pages/AdminAnnouncementsPage.tsx,128,12,5,2,7
PAGE-0043,console,web-console/src/pages/AdminApikeySecurityPage.tsx,103,6,2,9,0
PAGE-0044,console,web-console/src/pages/AdminCampaignsPage.tsx,162,18,7,9,10
PAGE-0045,console,web-console/src/pages/AdminChatPage.tsx,184,4,4,2,8
PAGE-0046,console,web-console/src/pages/AdminClosePage.tsx,219,7,4,0,8
PAGE-0047,console,web-console/src/pages/AdminCockpitPage.tsx,815,1,2,4,0
PAGE-0048,console,web-console/src/pages/AdminConsentPage.tsx,257,7,3,6,7
PAGE-0049,console,web-console/src/pages/AdminContentModerationPage.tsx,120,3,2,2,6
PAGE-0050,console,web-console/src/pages/AdminContentPage.tsx,85,4,3,3,0
PAGE-0051,console,web-console/src/pages/AdminConversationRecordsPage.tsx,537,15,7,0,0
PAGE-0052,console,web-console/src/pages/AdminCouponPage.tsx,144,9,2,2,6
PAGE-0053,console,web-console/src/pages/AdminCreditPage.tsx,721,23,9,3,10
PAGE-0054,console,web-console/src/pages/AdminCustomerDetailPage.tsx,524,18,9,4,13
PAGE-0055,console,web-console/src/pages/AdminCustomersPage.tsx,707,34,9,10,13
PAGE-0056,console,web-console/src/pages/AdminDashboardPage.tsx,183,1,2,3,0
PAGE-0057,console,web-console/src/pages/AdminDataRequestPage.tsx,208,15,5,5,0
PAGE-0058,console,web-console/src/pages/AdminDeletionPage.tsx,306,7,4,2,9
PAGE-0059,console,web-console/src/pages/AdminDiscountEnginePage.tsx,145,12,5,2,8
PAGE-0060,console,web-console/src/pages/AdminDisputePage.tsx,130,6,2,5,6
PAGE-0061,console,web-console/src/pages/AdminEmailTemplatesPage.tsx,181,16,7,3,10
PAGE-0062,console,web-console/src/pages/AdminFinancePage.tsx,206,4,2,0,3
PAGE-0063,console,web-console/src/pages/AdminFinanceRiskConfigPage.tsx,396,21,2,8,6
PAGE-0064,console,web-console/src/pages/AdminFundsAccountsPage.tsx,159,0,2,0,3
PAGE-0065,console,web-console/src/pages/AdminGroupsPage.tsx,636,16,6,17,10
PAGE-0066,console,web-console/src/pages/AdminI18nPage.tsx,295,13,4,3,0
PAGE-0067,console,web-console/src/pages/AdminInvoicesPage.tsx,195,8,7,2,11
PAGE-0068,console,web-console/src/pages/AdminKnowledgeBasePage.tsx,175,10,4,3,7
PAGE-0069,console,web-console/src/pages/AdminManualRechargePage.tsx,817,20,4,19,7
PAGE-0070,console,web-console/src/pages/AdminModelsPage.tsx,150,16,4,2,8
PAGE-0071,console,web-console/src/pages/AdminNotificationPolicyPage.tsx,230,13,8,2,0
PAGE-0072,console,web-console/src/pages/AdminPaymentPage.tsx,242,6,4,2,8
PAGE-0073,console,web-console/src/pages/AdminPerformancePage.tsx,121,9,2,11,0
PAGE-0074,console,web-console/src/pages/AdminPermissionAuditPage.tsx,126,1,1,2,2
PAGE-0075,console,web-console/src/pages/AdminPricingPage.tsx,167,7,2,7,6
PAGE-0076,console,web-console/src/pages/AdminRealNamePage.tsx,1057,44,8,0,11
PAGE-0077,console,web-console/src/pages/AdminRechargeOrdersPage.tsx,317,5,2,8,6
PAGE-0078,console,web-console/src/pages/AdminRedemptionPage.tsx,131,10,4,2,8
PAGE-0079,console,web-console/src/pages/AdminRefundReviewPage.tsx,175,6,2,5,6
PAGE-0080,console,web-console/src/pages/AdminRolesPage.tsx,176,10,8,5,0
PAGE-0081,console,web-console/src/pages/AdminSettingsPage.tsx,327,32,7,23,0
PAGE-0082,console,web-console/src/pages/AdminSubscriptionPage.tsx,190,10,3,2,6
PAGE-0083,console,web-console/src/pages/AdminSupportPage.tsx,370,11,8,2,12
PAGE-0084,console,web-console/src/pages/AdminSysCachePage.tsx,95,3,3,2,7
PAGE-0085,console,web-console/src/pages/AdminSysDbPage.tsx,110,2,2,2,2
PAGE-0086,console,web-console/src/pages/AdminSysLogsPage.tsx,63,3,2,2,3
PAGE-0087,console,web-console/src/pages/AdminSysVersionPage.tsx,79,0,2,2,3
PAGE-0088,console,web-console/src/pages/AdminTaxBankingPage.tsx,171,7,4,5,9
PAGE-0089,console,web-console/src/pages/AdminTicketsPage.tsx,265,16,7,2,11
PAGE-0090,console,web-console/src/pages/AdminUndoPage.tsx,164,7,5,5,0
PAGE-0091,console,web-console/src/pages/AdminUsersPermissionPage.tsx,189,2,6,2,0
PAGE-0092,console,web-console/src/pages/AdminVendorSettlementsPage.tsx,161,15,4,2,8
PAGE-0093,console,web-console/src/pages/AdminVendorsPage.tsx,331,30,12,2,16
PAGE-0094,console,web-console/src/pages/AdminWebhookRetryPage.tsx,123,6,4,2,0
PAGE-0095,console,web-console/src/pages/AdminWebhooksPage.tsx,293,13,7,2,10
PAGE-0096,console,web-console/src/pages/AdminWithdrawalsPage.tsx,201,8,4,2,7
PAGE-0097,console,web-console/src/pages/AgentCommissionPage.tsx,84,1,1,2,0
PAGE-0098,console,web-console/src/pages/AgentConsumptionPage.tsx,83,3,1,2,0
PAGE-0099,console,web-console/src/pages/AgentCustomersPage.tsx,63,1,1,2,0
PAGE-0100,console,web-console/src/pages/AgentDashboardPage.tsx,111,0,2,3,0
PAGE-0101,console,web-console/src/pages/AgentInvitePage.tsx,213,3,4,8,0
PAGE-0102,console,web-console/src/pages/AgentRankingPage.tsx,134,2,1,4,0
PAGE-0103,console,web-console/src/pages/AgentSettingsPage.tsx,834,20,10,14,14
PAGE-0104,console,web-console/src/pages/AgentSettlementPage.tsx,360,9,3,2,7
PAGE-0105,console,web-console/src/pages/AgentWithdrawPage.tsx,133,8,7,4,0
PAGE-0106,console,web-console/src/pages/AnnouncementsPage.tsx,174,1,4,2,8
PAGE-0107,console,web-console/src/pages/ApiKeysPage.tsx,487,15,5,4,9
PAGE-0108,console,web-console/src/pages/BillingPage.tsx,304,2,5,3,5
PAGE-0109,console,web-console/src/pages/ConsentPage.tsx,214,1,2,4,6
PAGE-0110,console,web-console/src/pages/DashboardPage.tsx,362,2,1,3,2
PAGE-0111,console,web-console/src/pages/DeletionPage.tsx,531,17,2,7,5
PAGE-0112,console,web-console/src/pages/ForgotPasswordPage.tsx,253,8,2,6,3
PAGE-0113,console,web-console/src/pages/HelpCenterPage.tsx,304,5,2,2,5
PAGE-0114,console,web-console/src/pages/InvoicesPage.tsx,522,14,4,13,7
PAGE-0115,console,web-console/src/pages/LoginPage.tsx,431,11,3,10,0
PAGE-0116,console,web-console/src/pages/LogsPage.tsx,268,6,1,2,2
PAGE-0117,console,web-console/src/pages/MjSunoTasksPage.tsx,667,10,1,8,2
PAGE-0118,console,web-console/src/pages/NotificationPage.tsx,408,5,5,5,9
PAGE-0119,console,web-console/src/pages/NotificationSettingsPage.tsx,322,7,3,3,7
PAGE-0120,console,web-console/src/pages/OAuthPage.tsx,294,2,2,7,2
PAGE-0121,console,web-console/src/pages/PlaygroundPage.tsx,139,1,2,3,3
PAGE-0122,console,web-console/src/pages/RealNamePage.tsx,531,18,2,14,6
PAGE-0123,console,web-console/src/pages/RechargePage.tsx,623,11,3,3,7
PAGE-0124,console,web-console/src/pages/RedemptionPage.tsx,145,2,2,3,6
PAGE-0125,console,web-console/src/pages/RegisterPage.tsx,276,6,1,6,2
PAGE-0126,console,web-console/src/pages/SalesCustomerDetailPage.tsx,388,9,7,4,11
PAGE-0127,console,web-console/src/pages/SalesCustomersPage.tsx,220,6,2,2,6
PAGE-0128,console,web-console/src/pages/SalesPerformancePage.tsx,362,4,2,4,3
PAGE-0129,console,web-console/src/pages/SalesRemindersPage.tsx,274,11,4,2,8
PAGE-0130,console,web-console/src/pages/SecurityPage.tsx,789,24,14,18,20
PAGE-0131,console,web-console/src/pages/StatisticsPage.tsx,769,13,1,13,2
PAGE-0132,console,web-console/src/pages/TicketsPage.tsx,526,17,5,10,9
PAGE-0133,console,web-console/src/pages/TopupRecordsPage.tsx,609,17,2,5,2
PAGE-0134,console,web-console/src/pages/UserChatPage.tsx,397,5,1,2,2
PAGE-0135,console,web-console/src/pages/UserGroupsPage.tsx,203,0,2,4,3
PAGE-0136,console,web-console/src/pages/UserWebhooksPage.tsx,234,10,5,2,8
PAGE-0137,console,web-console/src/pages/UxDemoPage.tsx,198,10,0,9,0
PAGE-0138,console,web-console/src/pages/vendor/VendorDashboardPage.tsx,85,0,0,0,2
PAGE-0139,console,web-console/src/pages/vendor/VendorLoginPage.tsx,52,4,0,0,0
PAGE-0140,console,web-console/src/pages/vendor/VendorModelsPage.tsx,109,14,0,0,7
PAGE-0141,console,web-console/src/pages/vendor/VendorRegisterPage.tsx,80,11,0,0,0
PAGE-0142,console,web-console/src/pages/vendor/VendorSettlementsPage.tsx,116,7,0,0,7
PAGE-0143,console,web-console/src/pages/vendor/VendorStatsPage.tsx,79,1,0,0,2
PAGE-0144,console,web-console/src/pages/VendorSelectorPage.tsx,227,8,2,11,3
PAGE-0145,portal,web-portal/src/app/about/page.tsx,181,1,0,0,0
PAGE-0146,portal,web-portal/src/app/blog/[slug]/page.tsx,105,2,0,2,0
PAGE-0147,portal,web-portal/src/app/blog/page.tsx,94,1,0,2,0
PAGE-0148,portal,web-portal/src/app/models/page.tsx,114,0,0,0,0
PAGE-0149,portal,web-portal/src/app/page.tsx,433,6,0,2,0
PAGE-0150,portal,web-portal/src/app/pricing/page.tsx,199,0,0,2,0
PAGE-0151,portal,web-portal/src/app/status/page.tsx,91,0,0,0,0
