doc_id,path,line_count,sha256_12
REQDOC-0001,docs/_archive/admin-permissions-solution.md,926,df42c5a6a9d5
REQDOC-0002,docs/_archive/admin-role-refactor-proposal.md,528,c4a5f64b6234
REQDOC-0003,docs/_archive/agent-operation-flow.md,226,2512abaeaca9
REQDOC-0004,docs/_archive/alert-center-implementation.md,222,e2abef8ddf04
REQDOC-0005,docs/_archive/api-key-expiry-feature.md,151,d59063b52a63
REQDOC-0006,docs/_archive/api-key-expiry-usage.md,215,7f3569a1cc6a
REQDOC-0007,docs/_archive/architecture-audit-v1.md,486,0ca0b50d2131
REQDOC-0008,docs/_archive/billing-engine-sequence.md,151,23fbab18a5bd
REQDOC-0009,docs/_archive/config-version-control.md,310,211d83cce1f2
REQDOC-0010,docs/_archive/development-environment.md,361,70bf9fc7732c
REQDOC-0011,docs/_archive/device-management-implementation.md,235,1d18252874e7
REQDOC-0012,docs/_archive/DRD-代理商运营.md,1775,33e8915b07dc
REQDOC-0013,docs/_archive/DRD-核心引擎.md,1776,059cc3eb0815
REQDOC-0014,docs/_archive/DRD-用户端.md,2671,e126f2ccdf63
REQDOC-0015,docs/_archive/DRD-管理后台-第二批.md,2159,d0c4425e27c8
REQDOC-0016,docs/_archive/DRD-管理后台.md,2870,d92e3a16939d
REQDOC-0017,docs/_archive/frontend-pages-test-plan.md,58,e26b4569039e
REQDOC-0018,docs/_archive/frontend-pages-test-report.md,183,63fe13355f7a
REQDOC-0019,docs/_archive/frontend-routes.md,296,79a8eb261a5a
REQDOC-0020,docs/_archive/gap-analysis-detailed.md,286,e2203bb1d915
REQDOC-0021,docs/_archive/global-feature-analysis.md,284,b0d4043a119a
REQDOC-0022,docs/_archive/global-function-validation-final-report.md,216,9f8038a1dfdd
REQDOC-0023,docs/_archive/http3-research.md,462,bb248e90f558
REQDOC-0024,docs/_archive/key-group-management-design.md,304,bf04a8b6a4f5
REQDOC-0025,docs/_archive/LIVE_ACTIVITY_FEED_IMPLEMENTATION.md,216,c55bad07c697
REQDOC-0026,docs/_archive/multi-role-workflow-validation.md,189,42a89dc55467
REQDOC-0027,docs/_archive/plans/2026-06-29-reconciliation-optimization.md,50,15a7a108f135
REQDOC-0028,docs/_archive/PRD-完整版.md,648,4013ce70e521
REQDOC-0029,docs/_archive/PRD-运营级-ref.md,1,da642b07df39
REQDOC-0030,docs/_archive/PRD-运营级-交付清单.md,199,fe2afddbfd77
REQDOC-0031,docs/_archive/PRD-运营级-补充-SPEC.md,1133,2df0c6a0a7c2
REQDOC-0032,docs/_archive/PROJECT-VALIDATION-SUMMARY-2026-07-22.md,161,5cdea300afd7
REQDOC-0033,docs/_archive/REALTIME_ALERTS_INTEGRATION.md,502,42be7cde29ba
REQDOC-0034,docs/_archive/RELEASES.md,272,7efa30ef2f4c
REQDOC-0035,docs/_archive/ROADMAP.md,134,6cb47cf590d1
REQDOC-0036,docs/_archive/routing-engine-flow.md,89,e9526a229b47
REQDOC-0037,docs/_archive/simulation-test-plan.md,599,98bf06b99410
REQDOC-0038,docs/_archive/system-test-plan.md,694,b36f86ee12c0
REQDOC-0039,docs/_archive/test-plan-granular.md,241,0c24ffd48eb1
REQDOC-0040,docs/_archive/test-reports/2026-06-30-system-test-report.md,137,14792ee46796
REQDOC-0041,docs/_archive/test-reports/admin-agents-recharge-routes.md,57,8b8eb89ca321
REQDOC-0042,docs/_archive/test-reports/admin-models-routes.md,46,c4ae82ee4431
REQDOC-0043,docs/_archive/test-reports/admin-system-dashboard-logs-routes.md,72,952cd1936a47
REQDOC-0044,docs/_archive/test-reports/admin-users-routes.md,69,9df37a5fa87f
REQDOC-0045,docs/_archive/test-reports/admin-vendor-models-routes.md,67,af0b2018c31c
REQDOC-0046,docs/_archive/test-reports/admin-vendors-routes.md,37,78ee29fffd34
REQDOC-0047,docs/_archive/test-reports/api-keys-routes.md,74,39ee5c1e65e0
REQDOC-0048,docs/_archive/test-reports/auth-routes.md,74,f2e7a5e84221
REQDOC-0049,docs/_archive/test-reports/db-schema-audit.md,116,f4e18b2057be
REQDOC-0050,docs/_archive/test-reports/frontend-build-report.md,61,316f182013a9
REQDOC-0051,docs/_archive/test-reports/frontend-page-audit.md,101,f326225d5518
REQDOC-0052,docs/_archive/test-reports/frontend-route-audit.md,127,568af7833250
REQDOC-0053,docs/_archive/test-reports/logs-models-routes.md,86,7b7d8e4ac091
REQDOC-0054,docs/_archive/test-reports/middleware-audit.md,118,7c637f05439d
REQDOC-0055,docs/_archive/test-reports/proxy-agent-routes.md,101,675241752ef1
REQDOC-0056,docs/_archive/test-reports/recharge-routes.md,76,3e430894f6e6
REQDOC-0057,docs/_archive/test-reports/response-format-audit.md,104,fa35046253ce
REQDOC-0058,docs/_archive/test-reports/SUMMARY.md,154,cfbb3d10468e
REQDOC-0059,docs/_archive/test-reports/team-routes.md,61,ca2fdbb31a0b
REQDOC-0060,docs/_archive/upgrade/phase1-quickwins/01-page-state-persistence.md,188,4acf21e3079c
REQDOC-0061,docs/_archive/upgrade/phase1-quickwins/02-oneclick-copy.md,230,5279b52c3b9a
REQDOC-0062,docs/_archive/upgrade/phase1-quickwins/03-smart-form-hints.md,201,61f1affcdff7
REQDOC-0063,docs/_archive/upgrade/phase1-quickwins/04-dashboard-redesign.md,235,2b3990aa4bed
REQDOC-0064,docs/_archive/upgrade/phase1-quickwins/05-lightweight-ops.md,243,b982cb35cf78
REQDOC-0065,docs/_archive/upgrade/phase1-quickwins/06-load-performance.md,254,2befc76d7b01
REQDOC-0066,docs/_archive/upgrade/phase2-core/07-upstream-key-groups.md,283,f7c1515c8486
REQDOC-0067,docs/_archive/upgrade/phase2-core/08-time-quota.md,330,026e2be8b33d
REQDOC-0068,docs/_archive/upgrade/phase2-core/09-batch-operations.md,346,d7046087d912
REQDOC-0069,docs/_archive/upgrade/phase2-core/10-timeout-retry.md,284,50466e27ca10
REQDOC-0070,docs/_archive/upgrade/phase2-core/11-content-filtering.md,306,2a4e1dc650aa
REQDOC-0071,docs/_archive/upgrade/phase2-core/12-log-dashboard-upgrade.md,270,562996156ee7
REQDOC-0072,docs/_archive/upgrade/phase3-experience/13-debug-playground.md,270,0daa19494722
REQDOC-0073,docs/_archive/upgrade/phase3-experience/14-template-import.md,158,fecdcec5ddc8
REQDOC-0074,docs/_archive/upgrade/phase3-experience/15-undo-system.md,258,07bcb778b0c2
REQDOC-0075,docs/_archive/upgrade/phase3-experience/16-onboarding-wizard.md,344,c10b637e4205
REQDOC-0076,docs/_archive/upgrade/phase3-experience/17-terminology-system.md,203,9afda284c4a2
REQDOC-0077,docs/_archive/upgrade/phase3-experience/18-user-portal-enhance.md,181,a10a3b88cb5e
REQDOC-0078,docs/_archive/upgrade/README.md,59,2d00c56750fc
REQDOC-0079,docs/_archive/verification-protocol.md,91,d86741156d4c
REQDOC-0080,docs/_i18n-review-synthesis-draft.md,121,383d3d15bb1b
REQDOC-0081,docs/api-contract.md,193,bc4087d25a0e
REQDOC-0082,docs/api-reference.md,603,d0f8ef671bca
REQDOC-0083,docs/ARCH-整改R1-R4-技术方案.md,718,7ecdaa1c4b1e
REQDOC-0084,docs/ARCH-整改R5-R7-资金风控.md,817,4471ccbd7462
REQDOC-0085,docs/ARCH-模型缓存定价与缓存计量-联合评审.md,392,367575b05043
REQDOC-0086,docs/architecture.md,444,abb298d5fdc2
REQDOC-0087,docs/boundary-condition-audit-report.md,180,20c700b3fb39
REQDOC-0088,docs/boundary-supplement.md,997,1c45a5cb2a00
REQDOC-0089,docs/data-dictionary.md,533,198e9380d69f
REQDOC-0090,docs/flowcharts/01-recharge.md,66,b47e0cb2bc0f
REQDOC-0091,docs/flowcharts/02-agent-withdraw.md,76,09453b90c887
REQDOC-0092,docs/flowcharts/03-real-name-review.md,68,50d5219127fa
REQDOC-0093,docs/flowcharts/04-vendor-status-switch.md,71,599f92060153
REQDOC-0094,docs/flowcharts/05-auto-reconciliation.md,95,14452ed755a9
REQDOC-0095,docs/flowcharts/06-agent-upgrade.md,70,2bf77d28d6cd
REQDOC-0096,docs/flowcharts/README.md,31,8ca43f768e26
REQDOC-0097,docs/frontend-routes.md,511,1bab539fee9a
REQDOC-0098,docs/gap/code-vs-doc-api-gap.md,239,f8d819769be6
REQDOC-0099,docs/gap/gap-analysis-report.md,322,4b1bfc8807c9
REQDOC-0100,docs/gap/渠道化改造-架构评审.md,313,4b6f79224ffd
REQDOC-0101,docs/gap/重构缺口分析.md,195,0940170a0714
REQDOC-0102,docs/gap-fix-spec-2026-08-18.md,152,228edd1e25d4
REQDOC-0103,docs/iteration-plan-v1.md,335,0f04cdf4d32a
REQDOC-0104,docs/iteration-plan-v2.md,394,0c08fc617944
REQDOC-0105,docs/ops-business-plan.md,525,e572826704f4
REQDOC-0106,docs/ops-guide.md,455,e0eefafdc310
REQDOC-0107,docs/ops-manual.md,781,4c1777e704e7
REQDOC-0108,docs/ops-补充-客服升级与用户通知.md,208,8425f2f14b6f
REQDOC-0109,docs/ops-补充-数据迁移运营影响.md,135,5297b179a915
REQDOC-0110,docs/P0-缓存定价与缓存计量-开发任务书.md,732,227fb41332ad
REQDOC-0111,docs/PRD-Portal门户.md,141,1748bb6f44fe
REQDOC-0112,docs/PRD-README.md,132,7a8d5082934f
REQDOC-0113,docs/PRD-§5.5-模型价格变更通知.md,334,9e8e6175ebf6
REQDOC-0114,docs/PRD-业务员支撑.md,577,91d56ab4d25b
REQDOC-0115,docs/PRD-产品路线图.md,69,e8ab7b3cfd11
REQDOC-0116,docs/PRD-代理商体系-后台主导版.md,242,a1e0e399b460
REQDOC-0117,docs/PRD-代理商体系.md,111,a4f78a04de63
REQDOC-0118,docs/PRD-代理商支撑增强.md,272,51a583c2359c
REQDOC-0119,docs/PRD-客服支撑模块.md,272,698805794498
REQDOC-0120,docs/PRD-数据迁移方案.md,137,4a508172a62f
REQDOC-0121,docs/PRD-整改R1-R4-人工上账与资金入账.md,464,86d7a48658f8
REQDOC-0122,docs/PRD-整改R5-R7-资金风控.md,589,867b3a4cdd21
REQDOC-0123,docs/PRD-核心引擎.md,352,3565b8773250
REQDOC-0124,docs/PRD-概览与运营模型.md,51,4a66e878f654
REQDOC-0125,docs/PRD-模型缓存定价与缓存计量.md,677,d1f3c522fe95
REQDOC-0126,docs/PRD-渠道化术语统一与用户自选渠道定价.md,266,f0b3de8286a3
REQDOC-0127,docs/PRD-用户体系.md,1326,51693e25f765
REQDOC-0128,docs/PRD-用户端体验增强.md,475,630a4b20d304
REQDOC-0129,docs/PRD-第三方集成.md,107,3d37a6b8f1e7
REQDOC-0130,docs/PRD-管理后台.md,1344,e9d788102ac6
REQDOC-0131,docs/PRD-系统管理员支撑.md,442,3171629bb9be
REQDOC-0132,docs/PRD-组件库规范.md,113,73943c6994ad
REQDOC-0133,docs/PRD-财务模块增强.md,303,0a9f1d171a7b
REQDOC-0134,docs/PRD-运营增长模块.md,402,d703ec8daba6
REQDOC-0135,docs/PRD-错误码规范.md,163,4b0cb543e170
REQDOC-0136,docs/PRD-非功能需求.md,5,9c7751b2edb1
REQDOC-0137,docs/PRODUCT-DESIGN-PRINCIPLES.md,118,1ffa33f30a8f
REQDOC-0138,docs/prototype-gap-mapping.md,172,ea5971a40b26
REQDOC-0139,docs/README.md,121,2e98726c85b8
REQDOC-0140,docs/ref-1-operational-summary.md,238,a72a7bd79678
REQDOC-0141,docs/ref-10.1-support-workbench.md,259,abfc6fe4444a
REQDOC-0142,docs/ref-10.2-knowledge-base.md,277,2073309f7df0
REQDOC-0143,docs/ref-10.3-help-center.md,183,59bb9614e925
REQDOC-0144,docs/ref-10.4-quick-reply.md,263,4a22f1b74965
REQDOC-0145,docs/ref-10.5-user-timeline.md,234,cf1ab993d960
REQDOC-0146,docs/ref-11.1-crm.md,328,31f85077aa6d
REQDOC-0147,docs/ref-11.2-leads.md,294,d0829359670d
REQDOC-0148,docs/ref-11.3-follow-up.md,154,a11c9a9b69dc
REQDOC-0149,docs/ref-11.4-opportunity.md,201,86d3ef7ccf19
REQDOC-0150,docs/ref-11.5-performance.md,249,985306edf6b0
REQDOC-0151,docs/ref-11.6-quote-contract.md,326,38eb8b948da6
REQDOC-0152,docs/ref-11.7-sales-knowledge.md,307,840acf30a821
REQDOC-0153,docs/ref-11.8-team-collaboration.md,327,93e7a477932a
REQDOC-0154,docs/ref-12.1-audit-console.md,223,1e757343d574
REQDOC-0155,docs/ref-12.2-db-panel.md,310,3fbebce3e677
REQDOC-0156,docs/ref-12.3-cache-manager.md,275,a1d7ee29b8ec
REQDOC-0157,docs/ref-12.4-task-scheduler.md,324,e72aab6af0e8
REQDOC-0158,docs/ref-12.5-log-viewer.md,252,72e55d4b5099
REQDOC-0159,docs/ref-12.6-health-dashboard.md,233,52fa55b049f0
REQDOC-0160,docs/ref-12.7-change-plan.md,323,8f4c76ba6223
REQDOC-0161,docs/ref-12.8-version-manager.md,337,ba3f22604989
REQDOC-0162,docs/ref-12.9-conversation-records.md,209,d436c2a43fc3
REQDOC-0163,docs/ref-16.3-sms.md,120,c2a03dccd41d
REQDOC-0164,docs/ref-16.4-oss.md,168,214ed124b30b
REQDOC-0165,docs/ref-2.1-roles-permissions.md,116,9e707097b413
REQDOC-0166,docs/ref-2.2-user-dashboard.md,675,92fbec7c03d8
REQDOC-0167,docs/ref-2.2.2-model-center.md,409,36d59eed1251
REQDOC-0168,docs/ref-2.2.3-api-keys.md,446,8a8d0aad9a65
REQDOC-0169,docs/ref-2.2.4-call-logs.md,353,7c81d34aa035
REQDOC-0170,docs/ref-2.2.6-recharge.md,448,febbe468eec4
REQDOC-0171,docs/ref-2.2.8-redemption-invoices.md,288,161106d33972
REQDOC-0172,docs/ref-24-agent-enhance.md,479,538541726de6
REQDOC-0173,docs/ref-25-vendor-enhance.md,362,0bc974a0dc4e
REQDOC-0174,docs/ref-28-smart-cs.md,406,3cc0bf5bb8e1
REQDOC-0175,docs/ref-3-agent-system.md,1195,d358b1418308
REQDOC-0176,docs/ref-30-permission-management.md,350,703637e286a7
REQDOC-0177,docs/ref-31-drill-multi-env.md,336,869467879605
REQDOC-0178,docs/ref-32-sso-integration.md,444,e398ad166c5e
REQDOC-0179,docs/ref-4.1-admin-dashboard.md,122,13d97f5729fa
REQDOC-0180,docs/ref-4.10-user-segmentation.md,761,066c0fe80ce0
REQDOC-0181,docs/ref-4.10-vendor-self-service.md,528,6181dead0ee4
REQDOC-0182,docs/ref-4.11-ticketing.md,599,043c1084f43e
REQDOC-0183,docs/ref-4.12-dashboard-pro.md,447,a22a59e40bb0
REQDOC-0184,docs/ref-4.13-operation-timeline.md,471,5388a114774e
REQDOC-0185,docs/ref-4.14-report-push.md,458,1da58983bb2d
REQDOC-0186,docs/ref-4.14.5-notification-rules.md,517,5e473c02d3c0
REQDOC-0187,docs/ref-4.15-vendor-settlement.md,1082,dd4abca07275
REQDOC-0188,docs/ref-4.16-resource-placement.md,1047,bc9122fa3a36
REQDOC-0189,docs/ref-4.17-template-library.md,978,216cae6b93da
REQDOC-0190,docs/ref-4.18-kpi-drill-healthcheck.md,1027,898f72084aaf
REQDOC-0191,docs/ref-4.19-open-api-platform.md,1146,c1a9d4727348
REQDOC-0192,docs/ref-4.2-user-management.md,617,f18365432873
REQDOC-0193,docs/ref-4.3-vendor-model.md,1089,1d63584caf18
REQDOC-0194,docs/ref-4.4-finance.md,1013,389550784ac1
REQDOC-0195,docs/ref-4.4.5-reconciliation-prd.md,1191,3b162e02ca95
REQDOC-0196,docs/ref-4.5-marketing.md,1099,2c091bb74108
REQDOC-0197,docs/ref-4.6-security.md,1295,cf441195f2e4
REQDOC-0198,docs/ref-4.7-monitor-logs.md,825,475c1edc21fa
REQDOC-0199,docs/ref-4.8-system-config.md,701,25dd32d29c92
REQDOC-0200,docs/ref-4.9-report-testing.md,433,a7d67e154e2e
REQDOC-0201,docs/ref-5.1-routing.md,660,acf7368b3fd1
REQDOC-0202,docs/ref-5.2-billing.md,527,bb3c7265b3db
REQDOC-0203,docs/ref-5.3-rate-limiter.md,650,cfa4b7308c4d
REQDOC-0204,docs/ref-5.4-alert-rules.md,732,d20e7d9a3d3e
REQDOC-0205,docs/ref-5.5-open-api-platform.md,1021,4444f25cf84a
REQDOC-0206,docs/ref-5.5-user-quota-budget.md,690,77da990e9d45
REQDOC-0207,docs/ref-5.6-auto-ops.md,734,266e47728df6
REQDOC-0208,docs/ref-5.7-load-test-design.md,656,9a2e2372e600
REQDOC-0209,docs/ref-6-portal.md,521,15dc28ffe5b7
REQDOC-0210,docs/ref-7-nfr.md,267,2ac23cf5d817
REQDOC-0211,docs/ref-9.5-refund.md,186,d53b8520637c
REQDOC-0212,docs/ref-9.6-tax-invoice.md,136,a8d66b4a3cf1
REQDOC-0213,docs/SPEC-AB-testing.md,232,522257439cbb
REQDOC-0214,docs/SPEC-ref-notification-templates.md,262,27396780f64b
REQDOC-0215,docs/SPEC-§1-平台定位与运营模型.md,230,406215053872
REQDOC-0216,docs/SPEC-§10-客服支撑模块.md,233,cefbbb4b774e
REQDOC-0217,docs/SPEC-§11-业务员支撑模块.md,254,19f4e5f0b26f
REQDOC-0218,docs/SPEC-§12-系统管理员支撑.md,335,d0925a37c825
REQDOC-0219,docs/SPEC-§13-数据迁移方案.md,126,b1611dddc566
REQDOC-0220,docs/SPEC-§14-错误码规范.md,117,40f311c87015
REQDOC-0221,docs/SPEC-§15-前端组件库规范.md,116,1326f930bf70
REQDOC-0222,docs/SPEC-§16-第三方集成.md,112,5cab843e0823
REQDOC-0223,docs/SPEC-§17-产品路线图.md,108,894ff13898bf
REQDOC-0224,docs/SPEC-§18-用户端体验增强.md,246,9bc8033efea3
REQDOC-0225,docs/SPEC-§19-代理商支撑增强.md,198,397e30d9bd93
REQDOC-0226,docs/SPEC-§2-用户体系.md,552,b32a49b1b7a0
REQDOC-0227,docs/SPEC-§20-用户端安全与预算增强.md,1594,0afe18b9e66a
REQDOC-0228,docs/SPEC-§21-Portal门户增强.md,906,af1aaeab8d45
REQDOC-0229,docs/SPEC-§22-用户端体验增强.md,2192,4af7011e78a7
REQDOC-0230,docs/SPEC-§23-系统级能力增强.md,399,9531719cbd19
REQDOC-0231,docs/SPEC-§24-代理商增强.md,357,768848556575
REQDOC-0232,docs/SPEC-§25-供应商增强.md,265,6111e4d3e8a1
REQDOC-0233,docs/SPEC-§26-工单系统.md,671,9b8f5b5d2fa0
REQDOC-0234,docs/SPEC-§27-在线客服与客服效能.md,664,e5912742f955
REQDOC-0235,docs/SPEC-§28-智能客服与测试工具.md,418,98e4f5f8e35a
REQDOC-0236,docs/SPEC-§29-资金与对账管理.md,904,c0e761479e2b
REQDOC-0237,docs/SPEC-§3-代理商体系.md,231,17646975446d
REQDOC-0238,docs/SPEC-§30-权限管理.md,582,7ed7fcaef4ab
REQDOC-0239,docs/SPEC-§31-供应商故障演练与多环境管理.md,381,1d9cf2d308d7
REQDOC-0240,docs/SPEC-§32-第三方集成与SSO.md,377,8586cf4990e0
REQDOC-0241,docs/SPEC-§33-合规法务与成本分析.md,507,efae7f5da036
REQDOC-0242,docs/SPEC-§4-管理后台.md,1891,9c46a32e3e5b
REQDOC-0243,docs/SPEC-§5-核心引擎.md,392,2d6791187f39
REQDOC-0244,docs/SPEC-§5.5-模型价格变更通知.md,375,513089acd19c
REQDOC-0245,docs/SPEC-§6-Portal门户.md,182,d73d2d6c45c5
REQDOC-0246,docs/SPEC-§7-非功能需求.md,89,6c592c1debac
REQDOC-0247,docs/SPEC-§8-运营增长模块.md,198,4b8687bea7df
REQDOC-0248,docs/SPEC-§9-财务模块增强（拆分迁移中）.md,84,2fc70ef08598
REQDOC-0249,docs/SPEC-代理商后台主导版.md,281,e38a1eefbd13
REQDOC-0250,docs/SPEC-渠道化术语统一与用户自选渠道定价.md,230,eef8e5f13982
REQDOC-0251,docs/SPEC-验证报告.md,20,765d25057a2a
REQDOC-0252,docs/sprint-1/01-account-deletion-overview.md,595,308dc46c5682
REQDOC-0253,docs/sprint-1/02-account-deletion-frontend.md,895,90be3be8f5c0
REQDOC-0254,docs/sprint-1/03-settlement-overview.md,966,af2eb47d4800
REQDOC-0255,docs/sprint-1/04-settlement-frontend.md,1043,20bb684bc812
REQDOC-0256,docs/sprint-1/05-boundary-conditions.md,306,614d49564c99
REQDOC-0257,docs/sprint-1/README.md,134,831e7cd10e4c
REQDOC-0258,docs/sprint-1/SPEC-充值中心.md,276,52192e2fb20e
REQDOC-0259,docs/supplement/00-README-补充说明.md,29,76504327d230
REQDOC-0260,docs/supplement/01-计费引擎状态机.md,306,65df0a9d039e
REQDOC-0261,docs/supplement/02-对账差异处理定量规则.md,306,fd0e41cdbbe7
REQDOC-0262,docs/supplement/03-充值退款状态机.md,409,8cd6f23539d5
REQDOC-0263,docs/supplement/04-代理佣金与结算.md,338,0ae8d52ebfaa
REQDOC-0264,docs/supplement/05-路由熔断恢复梯度.md,339,ad215dee5280
REQDOC-0265,docs/supplement/06-全链路一致性契约.md,279,64809cf185cc
REQDOC-0266,docs/supplement/07-Schema重设计建议.md,1040,b958ceca67dd
REQDOC-0267,docs/supplement/08-系统状态机总图.md,392,2e5056275428
REQDOC-0268,docs/supplement/09-遗漏补丁.md,301,a79d8c63ae9a
REQDOC-0269,docs/test-cases.md,312,4b0ae9bef880
REQDOC-0270,docs/user-vendor-selection.md,737,02f05cc6e8e0
REQDOC-0271,docs/ux-flow-route-mapping.md,182,8e6ab2aabd1b
REQDOC-0272,docs/业务功能归总.md,525,0ec18b364d03
REQDOC-0273,docs/原型实现对照审计-2026-08-18.md,186,f2e2fbffdc8c
REQDOC-0274,docs/多语言i18n改造方案.md,219,44b6d8f3984f
REQDOC-0275,docs/建议-Portal门户多语言方案.md,149,10dde7636490
REQDOC-0276,docs/开发进度总结.md,138,c3ae5b05de2e
REQDOC-0277,docs/整改R1-R4-任务分配单.md,88,0408308229f3
REQDOC-0278,docs/整改R1-R4-测试报告.md,286,55840eacf3f2
REQDOC-0279,docs/整改R1-R4-评审报告.md,201,813a37bb94e8
REQDOC-0280,docs/整改R5-R7-任务分配单.md,84,05ca6bf52d30
REQDOC-0281,docs/整改R5-R7-评审报告.md,209,f1e2c938c637
REQDOC-0282,docs/整改方案-用户端演练问题修复-20260818.md,323,c8ad1c6d119b
REQDOC-0283,docs/整改方案-管理员充值业务演练.md,344,c2fe557f3135
REQDOC-0284,docs/方案-模型缓存定价与缓存计量.md,230,b570cf950ca6
REQDOC-0285,docs/方案-渠道化改造与用户自选渠道定价.md,147,168745af9d16
REQDOC-0286,docs/术语对照表.md,38,6239197db2ba
REQDOC-0287,kb/3cloud/admin-affiliate.md,56,3f8d4afcd54f
REQDOC-0288,kb/3cloud/admin-agent-customer-approval.md,228,7ebebe1026b3
REQDOC-0289,kb/3cloud/admin-agent-upgrade.md,80,393011e8bc1c
REQDOC-0290,kb/3cloud/admin-agent.md,78,f93bb828938c
REQDOC-0291,kb/3cloud/admin-announcement.md,427,43a09cde9835
REQDOC-0292,kb/3cloud/admin-apikey-security.md,295,2a69a0ba2b30
REQDOC-0293,kb/3cloud/admin-balance-alert.md,257,f8fc329129e7
REQDOC-0294,kb/3cloud/admin-campaign.md,338,7683f68e4325
REQDOC-0295,kb/3cloud/admin-cockpit.md,175,56b980943644
REQDOC-0296,kb/3cloud/admin-commission-flow.md,201,975b77523a68
REQDOC-0297,kb/3cloud/admin-competitive-monitor.md,339,55c3e2a42bfd
REQDOC-0298,kb/3cloud/admin-consumption-anomaly.md,237,071e2f3d0c70
REQDOC-0299,kb/3cloud/admin-consumption-stream.md,211,fb537714648f
REQDOC-0300,kb/3cloud/admin-consumption-tracking.md,204,90fc4724876d
REQDOC-0301,kb/3cloud/admin-content-moderation.md,427,9d81632d4914
REQDOC-0302,kb/3cloud/admin-content.md,209,d92b6de29779
REQDOC-0303,kb/3cloud/admin-conversion-funnel.md,301,89793bd5aa68
REQDOC-0304,kb/3cloud/admin-cost-prediction.md,288,a369c5220da1
REQDOC-0305,kb/3cloud/admin-coupon.md,64,6ec3bf7af9f8
REQDOC-0306,kb/3cloud/admin-customer-lifecycle.md,309,7ba6ef9294ac
REQDOC-0307,kb/3cloud/admin-customer-service.md,295,2d876af71b30
REQDOC-0308,kb/3cloud/admin-customer-success.md,361,561d0d8b2b05
REQDOC-0309,kb/3cloud/admin-customer-tags.md,328,e66baf484159
REQDOC-0310,kb/3cloud/admin-customers-upgrade.md,151,68feea8a247f
REQDOC-0311,kb/3cloud/admin-customers.md,246,005297ea3bb1
REQDOC-0312,kb/3cloud/admin-dashboard.md,84,06d58a8a426a
REQDOC-0313,kb/3cloud/admin-data-request.md,356,012f5d2c9230
REQDOC-0314,kb/3cloud/admin-discount-engine.md,262,e6a47831f0d4
REQDOC-0315,kb/3cloud/admin-dispute.md,372,76df210b6580
REQDOC-0316,kb/3cloud/admin-email-templates.md,72,7d2df85df6ce
REQDOC-0317,kb/3cloud/admin-finance.md,212,7384db05af95
REQDOC-0318,kb/3cloud/admin-i18n.md,390,05fcd87ccf2d
REQDOC-0319,kb/3cloud/admin-logs.md,380,2c567dc270e7
REQDOC-0320,kb/3cloud/admin-marketplace-impl.md,302,914328570bde
REQDOC-0321,kb/3cloud/admin-marketplace.md,53,50960cfb8e14
REQDOC-0322,kb/3cloud/admin-model-service.md,637,177ef98d4626
REQDOC-0323,kb/3cloud/admin-multimodal-billing.md,369,0eb7b6efe63b
REQDOC-0324,kb/3cloud/admin-multimodal-models.md,355,a0451ed46122
REQDOC-0325,kb/3cloud/admin-nav.md,192,803a4618f9b2
REQDOC-0326,kb/3cloud/admin-notification-policy.md,285,3b5d5f40663a
REQDOC-0327,kb/3cloud/admin-operation-diff.md,270,df0a2c2ff671
REQDOC-0328,kb/3cloud/admin-operator-dashboard.md,226,3092a5c8d319
REQDOC-0329,kb/3cloud/admin-ops-split-plan.md,162,45923704cda3
REQDOC-0330,kb/3cloud/admin-ops.md,420,e8d3dd58068c
REQDOC-0331,kb/3cloud/admin-performance.md,94,d10d7f0b1cc8
REQDOC-0332,kb/3cloud/admin-price-change.md,400,beb3f600b753
REQDOC-0333,kb/3cloud/admin-reconciliation-diff.md,254,e3416a0badb3
REQDOC-0334,kb/3cloud/admin-reconciliation.md,80,a1e975d972ee
REQDOC-0335,kb/3cloud/admin-risk.md,135,ed6a7ec40e2a
REQDOC-0336,kb/3cloud/admin-roles.md,101,4da0446e028e
REQDOC-0337,kb/3cloud/admin-security-incident.md,351,7651550c4108
REQDOC-0338,kb/3cloud/admin-security-ip-blacklist.md,460,7b9bd7d85015
REQDOC-0339,kb/3cloud/admin-settings.md,99,fe636f02073c
REQDOC-0340,kb/3cloud/admin-subscription.md,59,4f9b00e79af1
REQDOC-0341,kb/3cloud/admin-supplier-bill-match.md,284,c8b02a1a1d72
REQDOC-0342,kb/3cloud/admin-supplier-design.md,549,0e7d38f112dc
REQDOC-0343,kb/3cloud/admin-supplier.md,221,41f3ce55c141
REQDOC-0344,kb/3cloud/admin-tax-banking.md,301,de2c951dfe9c
REQDOC-0345,kb/3cloud/admin-ticket.md,110,95301ea7cbc2
REQDOC-0346,kb/3cloud/admin-undo.md,405,009af8839e8c
REQDOC-0347,kb/3cloud/admin-vendor-cost.md,156,115c2c4d16d0
REQDOC-0348,kb/3cloud/admin-vendor-performance.md,343,566fac4caae6
REQDOC-0349,kb/3cloud/admin-vendor-pricing.md,165,c6ed13f703c4
REQDOC-0350,kb/3cloud/admin-vendor-profiles.md,126,d6d931cc54c0
REQDOC-0351,kb/3cloud/admin-vendor-stats.md,154,93f5005a5bf5
REQDOC-0352,kb/3cloud/admin-webhook-retry.md,411,dc50cc7c4f03
REQDOC-0353,kb/3cloud/agent-commission.md,79,e537ffa831b7
REQDOC-0354,kb/3cloud/agent-consumption.md,108,e6f098d787c0
REQDOC-0355,kb/3cloud/agent-customers.md,76,f991e6e81a13
REQDOC-0356,kb/3cloud/agent-dashboard.md,56,84c08a3f2d47
REQDOC-0357,kb/3cloud/agent-invite.md,280,9a4c6c0c13f1
REQDOC-0358,kb/3cloud/agent-nav.md,93,fe4b3e9b1edf
REQDOC-0359,kb/3cloud/agent-ranking.md,303,6effc877c17d
REQDOC-0360,kb/3cloud/agent-withdraw.md,104,4498a54852da
REQDOC-0361,kb/3cloud/coding-standards-api-db-test.md,1063,a6cb69a15595
REQDOC-0362,kb/3cloud/coding-standards-control-logic.md,998,4b4ecbd5d063
REQDOC-0363,kb/3cloud/competitive-analysis-newapi.md,200,755188bf2e9a
REQDOC-0364,kb/3cloud/development-plan.md,387,f96e14c54db5
REQDOC-0365,kb/3cloud/engine-pricing.md,138,da617dc318be
REQDOC-0366,kb/3cloud/newapi-gap-analysis.md,270,b442c5fb956f
REQDOC-0367,kb/3cloud/newapi-migration-guide.md,605,1e91fb463976
REQDOC-0368,kb/3cloud/platform-roles.md,410,576813d8e900
REQDOC-0369,kb/3cloud/portal-account-deletion.md,393,abeb726c06cf
REQDOC-0370,kb/3cloud/portal-apikey.md,209,a8681b909b7d
REQDOC-0371,kb/3cloud/portal-dashboard.md,190,fbd6986bff8e
REQDOC-0372,kb/3cloud/portal-invoice.md,103,f955322575fd
REQDOC-0373,kb/3cloud/portal-login.md,143,3eeecb4b3b67
REQDOC-0374,kb/3cloud/portal-nav.md,110,4f42131f9b20
REQDOC-0375,kb/3cloud/portal-notification.md,94,e13f322664cf
REQDOC-0376,kb/3cloud/portal-oauth.md,230,105d67767399
REQDOC-0377,kb/3cloud/portal-recharge.md,173,a4f4fc06fd86
REQDOC-0378,kb/3cloud/portal-register.md,94,a3cd3cf588dc
REQDOC-0379,kb/3cloud/portal-security.md,193,29296189855c
REQDOC-0380,kb/3cloud/portal-statistics.md,162,9d6b1448da7f
REQDOC-0381,kb/3cloud/portal-ticket.md,110,dc19de3630bd
REQDOC-0382,kb/3cloud/portal-topup-record.md,126,ee4d12c7b580
REQDOC-0383,kb/3cloud/portal-user-groups.md,104,6c0a2056a1bf
REQDOC-0384,kb/3cloud/portal-vendor-selector.md,322,a1db1384082d
REQDOC-0385,kb/3cloud/portal-verification.md,118,ed8ec8068f56
REQDOC-0386,kb/3cloud/prd-index.md,234,a4572de11234
REQDOC-0387,kb/3cloud/price-change-notify-impl.md,222,3e35f4545806
REQDOC-0388,kb/3cloud/price-change-notify-sop.md,145,549f9164dcf5
REQDOC-0389,kb/3cloud/prototype-backend-capability-gap.md,183,79ac3e1377be
REQDOC-0390,kb/3cloud/prototype-gap-audit.md,358,0dc7b2455270
REQDOC-0391,kb/3cloud/prototype-prd-mapping.md,115,d4726f327991
REQDOC-0392,kb/3cloud/prototypes/archive/README.md,46,fb92d4724698
REQDOC-0393,kb/3cloud/README.md,106,a68769851cad
REQDOC-0394,kb/3cloud/requirements-v2.md,604,4f8162fd5ac2
REQDOC-0395,kb/3cloud/role-review/01-supplier-manager.md,153,bb24fc1a6228
REQDOC-0396,kb/3cloud/role-review/02-model-operator.md,304,a13ec9128789
REQDOC-0397,kb/3cloud/role-review/03-settlement-specialist.md,212,a5a6a6aff24d
REQDOC-0398,kb/3cloud/role-review/04-pricing-analyst.md,95,97e3d9c42993
REQDOC-0399,kb/3cloud/role-review/05-promotion-operator.md,263,dc8a13bb2605
REQDOC-0400,kb/3cloud/role-review/06-finance-specialist.md,191,6e76d9ac4a03
REQDOC-0401,kb/3cloud/role-review/07-marketing-manager.md,244,1016e67d2401
REQDOC-0402,kb/3cloud/role-review/08-bd-manager.md,90,1fa02491ef17
REQDOC-0403,kb/3cloud/role-review/09-csm.md,189,a19273522a99
REQDOC-0404,kb/3cloud/role-review/10-channel-manager.md,224,eeea5ad20363
REQDOC-0405,kb/3cloud/role-review/11-customer-service.md,256,259b87f652eb
REQDOC-0406,kb/3cloud/role-review/12-security-engineer.md,185,d9bc1542e218
REQDOC-0407,kb/3cloud/role-review/13-risk-specialist.md,327,eac6dccd579e
REQDOC-0408,kb/3cloud/role-review/14-compliance-officer.md,178,74978b0b6837
REQDOC-0409,kb/3cloud/role-review/15-backend-dev.md,183,5783d658d862
REQDOC-0410,kb/3cloud/role-review/16-frontend-dev.md,90,e847553330d7
REQDOC-0411,kb/3cloud/role-review/17-sre-engineer.md,208,e565235fb405
REQDOC-0412,kb/3cloud/role-review/18-data-engineer.md,90,065357ed801f
REQDOC-0413,kb/3cloud/spawn-protocol.md,184,a1695e702551
REQDOC-0414,kb/3cloud/tech-architecture.md,938,4693c3e49bfd
REQDOC-0415,kb/3cloud/tech-stack-decision.md,532,9c1f3b5d46a5
REQDOC-0416,kb/3cloud/ux-flows.md,692,70ca9af24aea
REQDOC-0417,kb/3cloud/ux-guidelines.md,380,a283a36d2cf9
REQDOC-0418,kb/3cloud/vendor-selection.md,284,1b04664f1bd9
REQDOC-0419,kb/3cloud/wbs-task-allocation.md,389,19bd2369a7ac
REQDOC-0420,kb/3cloud/website.md,80,9fe8206dd1c5
