req_id,domain,current_source,archive_source,suspect_fields,exact_archive_fields,recovery_status
REQ-CF-00001,core-finance,docs/PRD-核心引擎.md,docs/_archive/DRD-核心引擎.md,source_section;source_quote;atomic_assertion,,MANUAL_REVIEW
REQ-CF-00002,core-finance,docs/PRD-核心引擎.md,docs/_archive/DRD-核心引擎.md,source_section;source_quote,,MANUAL_REVIEW
REQ-CF-00003,core-finance,docs/PRD-核心引擎.md,docs/_archive/DRD-核心引擎.md,source_section;source_quote,,MANUAL_REVIEW
REQ-CF-00004,core-finance,docs/PRD-核心引擎.md,docs/_archive/DRD-核心引擎.md,source_section;source_quote,,MANUAL_REVIEW
REQ-CF-00005,core-finance,docs/PRD-核心引擎.md,docs/_archive/DRD-核心引擎.md,source_section;source_quote,,MANUAL_REVIEW
REQ-CF-00006,core-finance,docs/PRD-核心引擎.md,docs/_archive/DRD-核心引擎.md,source_section;source_quote,,MANUAL_REVIEW
REQ-CF-00007,core-finance,docs/PRD-核心引擎.md,docs/_archive/DRD-核心引擎.md,source_section;source_quote,,MANUAL_REVIEW
REQ-CF-00008,core-finance,docs/PRD-核心引擎.md,docs/_archive/DRD-核心引擎.md,source_section;source_quote,,MANUAL_REVIEW
REQ-CF-00009,core-finance,docs/PRD-核心引擎.md,docs/_archive/DRD-核心引擎.md,source_section;source_quote,,MANUAL_REVIEW
REQ-CF-00010,core-finance,docs/PRD-核心引擎.md,docs/_archive/DRD-核心引擎.md,source_section;source_quote,,MANUAL_REVIEW
REQ-CF-00011,core-finance,docs/PRD-核心引擎.md,docs/_archive/DRD-核心引擎.md,source_section;source_quote,,MANUAL_REVIEW
REQ-CF-00012,core-finance,docs/PRD-核心引擎.md,docs/_archive/DRD-核心引擎.md,source_section;source_quote,,MANUAL_REVIEW
REQ-CF-00013,core-finance,docs/PRD-核心引擎.md,docs/_archive/DRD-核心引擎.md,source_section;source_quote,,MANUAL_REVIEW
REQ-CF-00014,core-finance,docs/PRD-核心引擎.md,docs/_archive/DRD-核心引擎.md,source_section;source_quote,,MANUAL_REVIEW
REQ-CF-00015,core-finance,docs/PRD-核心引擎.md,docs/_archive/DRD-核心引擎.md,source_section;source_quote,,MANUAL_REVIEW
REQ-CF-00016,core-finance,docs/PRD-核心引擎.md,docs/_archive/DRD-核心引擎.md,source_section;source_quote,,MANUAL_REVIEW
REQ-CF-00017,core-finance,docs/PRD-核心引擎.md,docs/_archive/DRD-核心引擎.md,source_section;source_quote,,MANUAL_REVIEW
REQ-CF-00018,core-finance,docs/PRD-核心引擎.md,docs/_archive/DRD-核心引擎.md,source_section;source_quote,,MANUAL_REVIEW
REQ-CF-00019,core-finance,docs/PRD-核心引擎.md,docs/_archive/DRD-核心引擎.md,source_section;source_quote,,MANUAL_REVIEW
REQ-CF-00020,core-finance,docs/PRD-核心引擎.md,docs/_archive/DRD-核心引擎.md,source_section;source_quote,,MANUAL_REVIEW
REQ-CF-00021,core-finance,docs/PRD-核心引擎.md,docs/_archive/DRD-核心引擎.md,source_section;source_quote,,MANUAL_REVIEW
REQ-CF-00022,core-finance,docs/PRD-核心引擎.md,docs/_archive/DRD-核心引擎.md,source_section;source_quote,,MANUAL_REVIEW
REQ-CF-00023,core-finance,docs/PRD-核心引擎.md,docs/_archive/DRD-核心引擎.md,source_section;source_quote,,MANUAL_REVIEW
REQ-CF-00024,core-finance,docs/PRD-核心引擎.md,docs/_archive/DRD-核心引擎.md,source_section;source_quote,,MANUAL_REVIEW
REQ-CF-00025,core-finance,docs/PRD-核心引擎.md,docs/_archive/DRD-核心引擎.md,source_section;source_quote,,MANUAL_REVIEW
REQ-CF-00026,core-finance,docs/PRD-核心引擎.md,docs/_archive/DRD-核心引擎.md,source_section;source_quote,,MANUAL_REVIEW
REQ-CF-00027,core-finance,docs/PRD-核心引擎.md,docs/_archive/DRD-核心引擎.md,source_section;source_quote;atomic_assertion,,MANUAL_REVIEW
REQ-CF-00028,core-finance,docs/PRD-核心引擎.md,docs/_archive/DRD-核心引擎.md,source_section;source_quote,,MANUAL_REVIEW
REQ-CF-00029,core-finance,docs/PRD-核心引擎.md,docs/_archive/DRD-核心引擎.md,source_quote;atomic_assertion,,MANUAL_REVIEW
REQ-CF-00030,core-finance,docs/PRD-核心引擎.md,docs/_archive/DRD-核心引擎.md,source_quote;atomic_assertion,,MANUAL_REVIEW
REQ-CF-00031,core-finance,docs/PRD-核心引擎.md,docs/_archive/DRD-核心引擎.md,,,MANUAL_REVIEW
REQ-CF-00032,core-finance,docs/PRD-核心引擎.md,docs/_archive/DRD-核心引擎.md,,,MANUAL_REVIEW
REQ-CF-00033,core-finance,docs/PRD-核心引擎.md,docs/_archive/DRD-核心引擎.md,,,MANUAL_REVIEW
REQ-CF-00034,core-finance,docs/PRD-核心引擎.md,docs/_archive/DRD-核心引擎.md,,,MANUAL_REVIEW
REQ-CF-00035,core-finance,docs/PRD-核心引擎.md,docs/_archive/DRD-核心引擎.md,,,MANUAL_REVIEW
REQ-CF-00036,core-finance,docs/PRD-核心引擎.md,docs/_archive/DRD-核心引擎.md,,,MANUAL_REVIEW
REQ-CF-00037,core-finance,docs/PRD-核心引擎.md,docs/_archive/DRD-核心引擎.md,,,MANUAL_REVIEW
REQ-CF-00038,core-finance,docs/PRD-核心引擎.md,docs/_archive/DRD-核心引擎.md,,,MANUAL_REVIEW
REQ-CF-00039,core-finance,docs/PRD-核心引擎.md,docs/_archive/DRD-核心引擎.md,,,MANUAL_REVIEW
REQ-CF-00040,core-finance,docs/PRD-核心引擎.md,docs/_archive/DRD-核心引擎.md,,,MANUAL_REVIEW
REQ-CF-00041,core-finance,docs/PRD-核心引擎.md,docs/_archive/DRD-核心引擎.md,,,MANUAL_REVIEW
REQ-CF-00042,core-finance,docs/PRD-核心引擎.md,docs/_archive/DRD-核心引擎.md,atomic_assertion,,MANUAL_REVIEW
REQ-CF-00043,core-finance,docs/PRD-核心引擎.md,docs/_archive/DRD-核心引擎.md,,,MANUAL_REVIEW
REQ-CF-00044,core-finance,docs/PRD-核心引擎.md,docs/_archive/DRD-核心引擎.md,,,MANUAL_REVIEW
REQ-CF-00045,core-finance,docs/PRD-核心引擎.md,docs/_archive/DRD-核心引擎.md,,,MANUAL_REVIEW
REQ-CF-00046,core-finance,docs/PRD-核心引擎.md,docs/_archive/DRD-核心引擎.md,,,MANUAL_REVIEW
REQ-CF-00047,core-finance,docs/PRD-核心引擎.md,docs/_archive/DRD-核心引擎.md,,,MANUAL_REVIEW
REQ-CF-00048,core-finance,docs/PRD-核心引擎.md,docs/_archive/DRD-核心引擎.md,,,MANUAL_REVIEW
REQ-CF-00049,core-finance,docs/PRD-核心引擎.md,docs/_archive/DRD-核心引擎.md,,,MANUAL_REVIEW
REQ-CF-00050,core-finance,docs/PRD-核心引擎.md,docs/_archive/DRD-核心引擎.md,,,MANUAL_REVIEW
REQ-CF-00051,core-finance,docs/PRD-核心引擎.md,docs/_archive/DRD-核心引擎.md,,,MANUAL_REVIEW
REQ-CF-00052,core-finance,docs/PRD-核心引擎.md,docs/_archive/DRD-核心引擎.md,,,MANUAL_REVIEW
REQ-CF-00053,core-finance,docs/PRD-核心引擎.md,docs/_archive/DRD-核心引擎.md,,,MANUAL_REVIEW
REQ-CF-00054,core-finance,docs/PRD-核心引擎.md,docs/_archive/DRD-核心引擎.md,,,MANUAL_REVIEW
REQ-CF-00055,core-finance,docs/PRD-核心引擎.md,docs/_archive/DRD-核心引擎.md,,,MANUAL_REVIEW
REQ-CF-00056,core-finance,docs/PRD-核心引擎.md,docs/_archive/DRD-核心引擎.md,,,MANUAL_REVIEW
REQ-CF-00057,core-finance,docs/PRD-核心引擎.md,docs/_archive/DRD-核心引擎.md,source_section;source_quote,,MANUAL_REVIEW
REQ-CF-00058,core-finance,docs/PRD-核心引擎.md,docs/_archive/DRD-核心引擎.md,source_quote;atomic_assertion,,MANUAL_REVIEW
REQ-CF-00059,core-finance,docs/PRD-核心引擎.md,docs/_archive/DRD-核心引擎.md,,,MANUAL_REVIEW
REQ-CF-00060,core-finance,docs/PRD-核心引擎.md,docs/_archive/DRD-核心引擎.md,,,MANUAL_REVIEW
REQ-CF-00061,core-finance,docs/PRD-核心引擎.md,docs/_archive/DRD-核心引擎.md,,,MANUAL_REVIEW
REQ-CF-00062,core-finance,docs/PRD-核心引擎.md,docs/_archive/DRD-核心引擎.md,,,MANUAL_REVIEW
REQ-CF-00063,core-finance,docs/PRD-核心引擎.md,docs/_archive/DRD-核心引擎.md,,,MANUAL_REVIEW
REQ-CF-00064,core-finance,docs/PRD-核心引擎.md,docs/_archive/DRD-核心引擎.md,,,MANUAL_REVIEW
REQ-CF-00066,core-finance,docs/PRD-核心引擎.md,docs/_archive/DRD-核心引擎.md,,,MANUAL_REVIEW
REQ-CF-00068,core-finance,docs/PRD-核心引擎.md,docs/_archive/DRD-核心引擎.md,,,MANUAL_REVIEW
REQ-CF-00071,core-finance,docs/PRD-核心引擎.md,docs/_archive/DRD-核心引擎.md,,,MANUAL_REVIEW
REQ-CF-00072,core-finance,docs/PRD-核心引擎.md,docs/_archive/DRD-核心引擎.md,,,MANUAL_REVIEW
REQ-CF-00073,core-finance,docs/PRD-核心引擎.md,docs/_archive/DRD-核心引擎.md,,,MANUAL_REVIEW
REQ-CF-00074,core-finance,docs/PRD-核心引擎.md,docs/_archive/DRD-核心引擎.md,,,MANUAL_REVIEW
REQ-CF-00075,core-finance,docs/PRD-核心引擎.md,docs/_archive/DRD-核心引擎.md,,,MANUAL_REVIEW
REQ-CF-00076,core-finance,docs/PRD-核心引擎.md,docs/_archive/DRD-核心引擎.md,,,MANUAL_REVIEW
REQ-CF-00078,core-finance,docs/PRD-核心引擎.md,docs/_archive/DRD-核心引擎.md,,,MANUAL_REVIEW
REQ-CF-00080,core-finance,docs/PRD-核心引擎.md,docs/_archive/DRD-核心引擎.md,,,MANUAL_REVIEW
REQ-CF-00084,core-finance,docs/PRD-核心引擎.md,docs/_archive/DRD-核心引擎.md,,,MANUAL_REVIEW
REQ-CF-00086,core-finance,docs/PRD-核心引擎.md,docs/_archive/DRD-核心引擎.md,,,MANUAL_REVIEW
REQ-CF-00089,core-finance,docs/PRD-核心引擎.md,docs/_archive/DRD-核心引擎.md,,,MANUAL_REVIEW
REQ-CF-00090,core-finance,docs/PRD-核心引擎.md,docs/_archive/DRD-核心引擎.md,,,MANUAL_REVIEW
REQ-CF-00091,core-finance,docs/PRD-核心引擎.md,docs/_archive/DRD-核心引擎.md,,,MANUAL_REVIEW
REQ-CF-00092,core-finance,docs/PRD-核心引擎.md,docs/_archive/DRD-核心引擎.md,,,MANUAL_REVIEW
REQ-CF-00093,core-finance,docs/PRD-核心引擎.md,docs/_archive/DRD-核心引擎.md,,,MANUAL_REVIEW
REQ-CF-00094,core-finance,docs/PRD-核心引擎.md,docs/_archive/DRD-核心引擎.md,,,MANUAL_REVIEW
REQ-CF-00096,core-finance,docs/PRD-核心引擎.md,docs/_archive/DRD-核心引擎.md,,,MANUAL_REVIEW
REQ-CF-00098,core-finance,docs/PRD-核心引擎.md,docs/_archive/DRD-核心引擎.md,,,MANUAL_REVIEW
REQ-CF-00102,core-finance,docs/PRD-核心引擎.md,docs/_archive/DRD-核心引擎.md,,,MANUAL_REVIEW
REQ-CF-00107,core-finance,docs/PRD-核心引擎.md,docs/_archive/DRD-核心引擎.md,,,MANUAL_REVIEW
REQ-CF-00108,core-finance,docs/PRD-核心引擎.md,docs/_archive/DRD-核心引擎.md,,,MANUAL_REVIEW
REQ-CF-00109,core-finance,docs/PRD-核心引擎.md,docs/_archive/DRD-核心引擎.md,,,MANUAL_REVIEW
REQ-CF-00110,core-finance,docs/PRD-核心引擎.md,docs/_archive/DRD-核心引擎.md,,,MANUAL_REVIEW
REQ-CF-00111,core-finance,docs/PRD-核心引擎.md,docs/_archive/DRD-核心引擎.md,,,MANUAL_REVIEW
REQ-CF-00114,core-finance,docs/PRD-核心引擎.md,docs/_archive/DRD-核心引擎.md,,,MANUAL_REVIEW
REQ-CF-00117,core-finance,docs/PRD-核心引擎.md,docs/_archive/DRD-核心引擎.md,,,MANUAL_REVIEW
REQ-CF-00119,core-finance,docs/PRD-核心引擎.md,docs/_archive/DRD-核心引擎.md,,,MANUAL_REVIEW
REQ-CF-00120,core-finance,docs/PRD-核心引擎.md,docs/_archive/DRD-核心引擎.md,source_quote;atomic_assertion,,MANUAL_REVIEW
REQ-CF-00121,core-finance,docs/PRD-核心引擎.md,docs/_archive/DRD-核心引擎.md,source_section;source_quote,,MANUAL_REVIEW
REQ-CF-00122,core-finance,docs/PRD-核心引擎.md,docs/_archive/DRD-核心引擎.md,source_section;source_quote;atomic_assertion,,MANUAL_REVIEW
REQ-CF-00123,core-finance,docs/PRD-核心引擎.md,docs/_archive/DRD-核心引擎.md,source_section;source_quote,,MANUAL_REVIEW
REQ-CF-00124,core-finance,docs/PRD-核心引擎.md,docs/_archive/DRD-核心引擎.md,source_section,,MANUAL_REVIEW
REQ-CF-00125,core-finance,docs/PRD-核心引擎.md,docs/_archive/DRD-核心引擎.md,source_section;source_quote,,MANUAL_REVIEW
REQ-CF-00126,core-finance,docs/PRD-核心引擎.md,docs/_archive/DRD-核心引擎.md,source_section;source_quote;atomic_assertion,,MANUAL_REVIEW
REQ-CF-00127,core-finance,docs/PRD-核心引擎.md,docs/_archive/DRD-核心引擎.md,source_section;source_quote,,MANUAL_REVIEW
REQ-CF-00129,core-finance,docs/PRD-核心引擎.md,docs/_archive/DRD-核心引擎.md,source_section;source_quote,,MANUAL_REVIEW
REQ-CF-00130,core-finance,docs/PRD-核心引擎.md,docs/_archive/DRD-核心引擎.md,source_section;source_quote;atomic_assertion,,MANUAL_REVIEW
REQ-CF-00132,core-finance,docs/PRD-核心引擎.md,docs/_archive/DRD-核心引擎.md,source_section;source_quote,,MANUAL_REVIEW
REQ-CF-00133,core-finance,docs/PRD-核心引擎.md,docs/_archive/DRD-核心引擎.md,source_section,,MANUAL_REVIEW
REQ-CF-00134,core-finance,docs/PRD-核心引擎.md,docs/_archive/DRD-核心引擎.md,source_section;source_quote,,MANUAL_REVIEW
REQ-CF-00135,core-finance,docs/PRD-核心引擎.md,docs/_archive/DRD-核心引擎.md,source_section;source_quote;atomic_assertion,,MANUAL_REVIEW
REQ-CF-00136,core-finance,docs/PRD-核心引擎.md,docs/_archive/DRD-核心引擎.md,source_section;source_quote,,MANUAL_REVIEW
REQ-CF-00137,core-finance,docs/PRD-核心引擎.md,docs/_archive/DRD-核心引擎.md,source_section,,MANUAL_REVIEW
REQ-CF-00138,core-finance,docs/PRD-核心引擎.md,docs/_archive/DRD-核心引擎.md,source_section;source_quote,,MANUAL_REVIEW
REQ-CF-00139,core-finance,docs/PRD-核心引擎.md,docs/_archive/DRD-核心引擎.md,source_section;source_quote;atomic_assertion,,MANUAL_REVIEW
REQ-CF-00140,core-finance,docs/PRD-核心引擎.md,docs/_archive/DRD-核心引擎.md,source_section;source_quote,,MANUAL_REVIEW
REQ-CF-00142,core-finance,docs/PRD-核心引擎.md,docs/_archive/DRD-核心引擎.md,source_section;source_quote,,MANUAL_REVIEW
REQ-CF-00143,core-finance,docs/PRD-核心引擎.md,docs/_archive/DRD-核心引擎.md,source_section;source_quote,,MANUAL_REVIEW
REQ-CF-00145,core-finance,docs/PRD-核心引擎.md,docs/_archive/DRD-核心引擎.md,source_section,,MANUAL_REVIEW
REQ-CF-00146,core-finance,docs/PRD-核心引擎.md,docs/_archive/DRD-核心引擎.md,source_section;source_quote,,MANUAL_REVIEW
REQ-CF-00147,core-finance,docs/PRD-核心引擎.md,docs/_archive/DRD-核心引擎.md,source_section;source_quote,,MANUAL_REVIEW
REQ-CF-00148,core-finance,docs/PRD-核心引擎.md,docs/_archive/DRD-核心引擎.md,source_section;source_quote;atomic_assertion,,MANUAL_REVIEW
REQ-CF-00150,core-finance,docs/PRD-核心引擎.md,docs/_archive/DRD-核心引擎.md,source_section;source_quote,,MANUAL_REVIEW
REQ-ADMINPORTAL-00001,admin-portal,docs/PRD-管理后台.md,docs/_archive/DRD-管理后台.md,,,MANUAL_REVIEW
REQ-ADMINPORTAL-00002,admin-portal,docs/PRD-管理后台.md,docs/_archive/DRD-管理后台.md,,,MANUAL_REVIEW
REQ-ADMINPORTAL-00003,admin-portal,docs/PRD-管理后台.md,docs/_archive/DRD-管理后台.md,atomic_assertion,,MANUAL_REVIEW
REQ-ADMINPORTAL-00004,admin-portal,docs/PRD-管理后台.md,docs/_archive/DRD-管理后台.md,,,MANUAL_REVIEW
REQ-ADMINPORTAL-00005,admin-portal,docs/PRD-管理后台.md,docs/_archive/DRD-管理后台.md,atomic_assertion,,MANUAL_REVIEW
REQ-ADMINPORTAL-00006,admin-portal,docs/PRD-管理后台.md,docs/_archive/DRD-管理后台.md,atomic_assertion,,MANUAL_REVIEW
REQ-ADMINPORTAL-00007,admin-portal,docs/PRD-管理后台.md,docs/_archive/DRD-管理后台.md,atomic_assertion,,MANUAL_REVIEW
REQ-ADMINPORTAL-00008,admin-portal,docs/PRD-管理后台.md,docs/_archive/DRD-管理后台.md,,,MANUAL_REVIEW
REQ-ADMINPORTAL-00009,admin-portal,docs/PRD-管理后台.md,docs/_archive/DRD-管理后台.md,,,MANUAL_REVIEW
REQ-ADMINPORTAL-00010,admin-portal,docs/PRD-管理后台.md,docs/_archive/DRD-管理后台.md,,,MANUAL_REVIEW
REQ-ADMINPORTAL-00011,admin-portal,docs/PRD-管理后台.md,docs/_archive/DRD-管理后台.md,,,MANUAL_REVIEW
REQ-ADMINPORTAL-00012,admin-portal,docs/PRD-管理后台.md,docs/_archive/DRD-管理后台.md,,,MANUAL_REVIEW
REQ-ADMINPORTAL-00013,admin-portal,docs/PRD-管理后台.md,docs/_archive/DRD-管理后台.md,atomic_assertion,,MANUAL_REVIEW
REQ-ADMINPORTAL-00014,admin-portal,docs/PRD-管理后台.md,docs/_archive/DRD-管理后台.md,,,MANUAL_REVIEW
REQ-ADMINPORTAL-00015,admin-portal,docs/PRD-管理后台.md,docs/_archive/DRD-管理后台.md,,,MANUAL_REVIEW
REQ-ADMINPORTAL-00016,admin-portal,docs/PRD-管理后台.md,docs/_archive/DRD-管理后台.md,,,MANUAL_REVIEW
REQ-ADMINPORTAL-00017,admin-portal,docs/PRD-管理后台.md,docs/_archive/DRD-管理后台.md,,,MANUAL_REVIEW
REQ-ADMINPORTAL-00018,admin-portal,docs/PRD-管理后台.md,docs/_archive/DRD-管理后台.md,,,MANUAL_REVIEW
REQ-ADMINPORTAL-00019,admin-portal,docs/PRD-管理后台.md,docs/_archive/DRD-管理后台.md,source_section;source_quote,,MANUAL_REVIEW
REQ-ADMINPORTAL-00020,admin-portal,docs/PRD-管理后台.md,docs/_archive/DRD-管理后台.md,source_section;source_quote,,MANUAL_REVIEW
REQ-ADMINPORTAL-00021,admin-portal,docs/PRD-管理后台.md,docs/_archive/DRD-管理后台.md,source_section;source_quote,,MANUAL_REVIEW
REQ-ADMINPORTAL-00022,admin-portal,docs/PRD-管理后台.md,docs/_archive/DRD-管理后台.md,source_section;source_quote,,MANUAL_REVIEW
REQ-ADMINPORTAL-00023,admin-portal,docs/PRD-管理后台.md,docs/_archive/DRD-管理后台.md,source_section;source_quote,,MANUAL_REVIEW
REQ-ADMINPORTAL-00024,admin-portal,docs/PRD-管理后台.md,docs/_archive/DRD-管理后台.md,source_section;source_quote;atomic_assertion,,MANUAL_REVIEW
REQ-ADMINPORTAL-00025,admin-portal,docs/PRD-管理后台.md,docs/_archive/DRD-管理后台.md,source_section;source_quote,,MANUAL_REVIEW
REQ-ADMINPORTAL-00026,admin-portal,docs/PRD-管理后台.md,docs/_archive/DRD-管理后台.md,source_section;source_quote;atomic_assertion,,MANUAL_REVIEW
REQ-ADMINPORTAL-00027,admin-portal,docs/PRD-管理后台.md,docs/_archive/DRD-管理后台.md,source_section;source_quote,,MANUAL_REVIEW
REQ-ADMINPORTAL-00028,admin-portal,docs/PRD-管理后台.md,docs/_archive/DRD-管理后台.md,source_section;source_quote,,MANUAL_REVIEW
REQ-ADMINPORTAL-00029,admin-portal,docs/PRD-管理后台.md,docs/_archive/DRD-管理后台.md,source_section;source_quote,,MANUAL_REVIEW
REQ-ADMINPORTAL-00030,admin-portal,docs/PRD-管理后台.md,docs/_archive/DRD-管理后台.md,source_section;source_quote,,MANUAL_REVIEW
REQ-ADMINPORTAL-00031,admin-portal,docs/PRD-管理后台.md,docs/_archive/DRD-管理后台.md,source_section;source_quote;atomic_assertion,,MANUAL_REVIEW
REQ-ADMINPORTAL-00032,admin-portal,docs/PRD-管理后台.md,docs/_archive/DRD-管理后台.md,source_section;source_quote;atomic_assertion,,MANUAL_REVIEW
REQ-ADMINPORTAL-00033,admin-portal,docs/PRD-管理后台.md,docs/_archive/DRD-管理后台.md,source_section;source_quote;atomic_assertion,,MANUAL_REVIEW
REQ-ADMINPORTAL-00034,admin-portal,docs/PRD-管理后台.md,docs/_archive/DRD-管理后台.md,source_section;source_quote,,MANUAL_REVIEW
REQ-ADMINPORTAL-00035,admin-portal,docs/PRD-管理后台.md,docs/_archive/DRD-管理后台.md,source_section;source_quote;atomic_assertion,,MANUAL_REVIEW
REQ-ADMINPORTAL-00036,admin-portal,docs/PRD-管理后台.md,docs/_archive/DRD-管理后台.md,source_section;source_quote;atomic_assertion,,MANUAL_REVIEW
REQ-ADMINPORTAL-00037,admin-portal,docs/PRD-管理后台.md,docs/_archive/DRD-管理后台.md,source_section;source_quote;atomic_assertion,,MANUAL_REVIEW
REQ-ADMINPORTAL-00038,admin-portal,docs/PRD-管理后台.md,docs/_archive/DRD-管理后台.md,source_section;source_quote;atomic_assertion,,MANUAL_REVIEW
REQ-ADMINPORTAL-00039,admin-portal,docs/PRD-管理后台.md,docs/_archive/DRD-管理后台.md,source_section;source_quote;atomic_assertion,,MANUAL_REVIEW
REQ-ADMINPORTAL-00040,admin-portal,docs/PRD-管理后台.md,docs/_archive/DRD-管理后台.md,source_section;source_quote,,MANUAL_REVIEW
REQ-ADMINPORTAL-00041,admin-portal,docs/PRD-管理后台.md,docs/_archive/DRD-管理后台.md,source_section;source_quote,,MANUAL_REVIEW
REQ-ADMINPORTAL-00042,admin-portal,docs/PRD-管理后台.md,docs/_archive/DRD-管理后台.md,,,MANUAL_REVIEW
REQ-ADMINPORTAL-00043,admin-portal,docs/PRD-管理后台.md,docs/_archive/DRD-管理后台.md,,,MANUAL_REVIEW
REQ-ADMINPORTAL-00044,admin-portal,docs/PRD-管理后台.md,docs/_archive/DRD-管理后台.md,,,MANUAL_REVIEW
REQ-ADMINPORTAL-00045,admin-portal,docs/PRD-管理后台.md,docs/_archive/DRD-管理后台.md,,,MANUAL_REVIEW
REQ-ADMINPORTAL-00046,admin-portal,docs/PRD-管理后台.md,docs/_archive/DRD-管理后台.md,,,MANUAL_REVIEW
REQ-ADMINPORTAL-00047,admin-portal,docs/PRD-管理后台.md,docs/_archive/DRD-管理后台.md,atomic_assertion,,MANUAL_REVIEW
REQ-ADMINPORTAL-00048,admin-portal,docs/PRD-管理后台.md,docs/_archive/DRD-管理后台.md,,,MANUAL_REVIEW
REQ-ADMINPORTAL-00049,admin-portal,docs/PRD-管理后台.md,docs/_archive/DRD-管理后台.md,,,MANUAL_REVIEW
REQ-ADMINPORTAL-00050,admin-portal,docs/PRD-管理后台.md,docs/_archive/DRD-管理后台.md,atomic_assertion,,MANUAL_REVIEW
REQ-ADMINPORTAL-00051,admin-portal,docs/PRD-管理后台.md,docs/_archive/DRD-管理后台.md,,,MANUAL_REVIEW
REQ-ADMINPORTAL-00052,admin-portal,docs/PRD-管理后台.md,docs/_archive/DRD-管理后台.md,,,MANUAL_REVIEW
REQ-ADMINPORTAL-00053,admin-portal,docs/PRD-管理后台.md,docs/_archive/DRD-管理后台.md,,,MANUAL_REVIEW
REQ-ADMINPORTAL-00054,admin-portal,docs/PRD-管理后台.md,docs/_archive/DRD-管理后台.md,,,MANUAL_REVIEW
REQ-ADMINPORTAL-00055,admin-portal,docs/PRD-管理后台.md,docs/_archive/DRD-管理后台.md,,,MANUAL_REVIEW
REQ-ADMINPORTAL-00056,admin-portal,docs/PRD-管理后台.md,docs/_archive/DRD-管理后台.md,,,MANUAL_REVIEW
REQ-ADMINPORTAL-00057,admin-portal,docs/PRD-管理后台.md,docs/_archive/DRD-管理后台.md,,,MANUAL_REVIEW
REQ-ADMINPORTAL-00058,admin-portal,docs/PRD-管理后台.md,docs/_archive/DRD-管理后台.md,,,MANUAL_REVIEW
REQ-ADMINPORTAL-00059,admin-portal,docs/PRD-管理后台.md,docs/_archive/DRD-管理后台.md,,,MANUAL_REVIEW
REQ-ADMINPORTAL-00060,admin-portal,docs/PRD-管理后台.md,docs/_archive/DRD-管理后台.md,,,MANUAL_REVIEW
REQ-ADMINPORTAL-00061,admin-portal,docs/PRD-管理后台.md,docs/_archive/DRD-管理后台.md,,,MANUAL_REVIEW
REQ-ADMINPORTAL-00062,admin-portal,docs/PRD-管理后台.md,docs/_archive/DRD-管理后台.md,,,MANUAL_REVIEW
REQ-ADMINPORTAL-00063,admin-portal,docs/PRD-管理后台.md,docs/_archive/DRD-管理后台.md,,,MANUAL_REVIEW
REQ-ADMINPORTAL-00064,admin-portal,docs/PRD-管理后台.md,docs/_archive/DRD-管理后台.md,,,MANUAL_REVIEW
REQ-ADMINPORTAL-00065,admin-portal,docs/PRD-管理后台.md,docs/_archive/DRD-管理后台.md,,,MANUAL_REVIEW
REQ-ADMINPORTAL-00066,admin-portal,docs/PRD-管理后台.md,docs/_archive/DRD-管理后台.md,,,MANUAL_REVIEW
REQ-ADMINPORTAL-00067,admin-portal,docs/PRD-管理后台.md,docs/_archive/DRD-管理后台.md,,,MANUAL_REVIEW
REQ-ADMINPORTAL-00068,admin-portal,docs/PRD-管理后台.md,docs/_archive/DRD-管理后台.md,,,MANUAL_REVIEW
REQ-ADMINPORTAL-00069,admin-portal,docs/PRD-管理后台.md,docs/_archive/DRD-管理后台.md,,,MANUAL_REVIEW
REQ-ADMINPORTAL-00070,admin-portal,docs/PRD-管理后台.md,docs/_archive/DRD-管理后台.md,,,MANUAL_REVIEW
REQ-ADMINPORTAL-00071,admin-portal,docs/PRD-管理后台.md,docs/_archive/DRD-管理后台.md,,,MANUAL_REVIEW
REQ-ADMINPORTAL-00072,admin-portal,docs/PRD-管理后台.md,docs/_archive/DRD-管理后台.md,,,MANUAL_REVIEW
REQ-ADMINPORTAL-00073,admin-portal,docs/PRD-管理后台.md,docs/_archive/DRD-管理后台.md,,,MANUAL_REVIEW
REQ-ADMINPORTAL-00074,admin-portal,docs/PRD-管理后台.md,docs/_archive/DRD-管理后台.md,,,MANUAL_REVIEW
REQ-ADMINPORTAL-00075,admin-portal,docs/PRD-管理后台.md,docs/_archive/DRD-管理后台.md,,,MANUAL_REVIEW
REQ-ADMINPORTAL-00076,admin-portal,docs/PRD-管理后台.md,docs/_archive/DRD-管理后台.md,,,MANUAL_REVIEW
REQ-ADMINPORTAL-00077,admin-portal,docs/PRD-管理后台.md,docs/_archive/DRD-管理后台.md,,,MANUAL_REVIEW
REQ-ADMINPORTAL-00078,admin-portal,docs/PRD-管理后台.md,docs/_archive/DRD-管理后台.md,,,MANUAL_REVIEW
REQ-ADMINPORTAL-00079,admin-portal,docs/PRD-管理后台.md,docs/_archive/DRD-管理后台.md,,,MANUAL_REVIEW
REQ-ADMINPORTAL-00080,admin-portal,docs/PRD-管理后台.md,docs/_archive/DRD-管理后台.md,,,MANUAL_REVIEW
REQ-ADMINPORTAL-00081,admin-portal,docs/PRD-管理后台.md,docs/_archive/DRD-管理后台.md,atomic_assertion,,MANUAL_REVIEW
REQ-ADMINPORTAL-00082,admin-portal,docs/PRD-管理后台.md,docs/_archive/DRD-管理后台.md,,,MANUAL_REVIEW
REQ-ADMINPORTAL-00083,admin-portal,docs/PRD-管理后台.md,docs/_archive/DRD-管理后台.md,,,MANUAL_REVIEW
REQ-ADMINPORTAL-00084,admin-portal,docs/PRD-管理后台.md,docs/_archive/DRD-管理后台.md,,,MANUAL_REVIEW
REQ-ADMINPORTAL-00085,admin-portal,docs/PRD-管理后台.md,docs/_archive/DRD-管理后台.md,,,MANUAL_REVIEW
REQ-ADMINPORTAL-00086,admin-portal,docs/PRD-管理后台.md,docs/_archive/DRD-管理后台.md,,,MANUAL_REVIEW
REQ-ADMINPORTAL-00087,admin-portal,docs/PRD-管理后台.md,docs/_archive/DRD-管理后台.md,,,MANUAL_REVIEW
REQ-ADMINPORTAL-00088,admin-portal,docs/PRD-管理后台.md,docs/_archive/DRD-管理后台.md,source_section;source_quote,,MANUAL_REVIEW
REQ-ADMINPORTAL-00089,admin-portal,docs/PRD-管理后台.md,docs/_archive/DRD-管理后台.md,source_section;source_quote,,MANUAL_REVIEW
REQ-ADMINPORTAL-00090,admin-portal,docs/PRD-管理后台.md,docs/_archive/DRD-管理后台.md,source_section;source_quote,,MANUAL_REVIEW
REQ-ADMINPORTAL-00091,admin-portal,docs/PRD-管理后台.md,docs/_archive/DRD-管理后台.md,source_section;source_quote;atomic_assertion,,MANUAL_REVIEW
REQ-ADMINPORTAL-00092,admin-portal,docs/PRD-管理后台.md,docs/_archive/DRD-管理后台.md,source_section;source_quote,,MANUAL_REVIEW
REQ-ADMINPORTAL-00093,admin-portal,docs/PRD-管理后台.md,docs/_archive/DRD-管理后台.md,source_section;source_quote,,MANUAL_REVIEW
REQ-ADMINPORTAL-00094,admin-portal,docs/PRD-管理后台.md,docs/_archive/DRD-管理后台.md,source_section;source_quote,,MANUAL_REVIEW
REQ-ADMINPORTAL-00095,admin-portal,docs/PRD-管理后台.md,docs/_archive/DRD-管理后台.md,source_section;source_quote,,MANUAL_REVIEW
REQ-ADMINPORTAL-00096,admin-portal,docs/PRD-管理后台.md,docs/_archive/DRD-管理后台.md,source_section;source_quote;atomic_assertion,,MANUAL_REVIEW
REQ-ADMINPORTAL-00097,admin-portal,docs/PRD-管理后台.md,docs/_archive/DRD-管理后台.md,source_section;source_quote,,MANUAL_REVIEW
REQ-ADMINPORTAL-00098,admin-portal,docs/PRD-管理后台.md,docs/_archive/DRD-管理后台.md,source_section;source_quote,,MANUAL_REVIEW
REQ-ADMINPORTAL-00099,admin-portal,docs/PRD-管理后台.md,docs/_archive/DRD-管理后台.md,source_section;source_quote,,MANUAL_REVIEW
REQ-ADMINPORTAL-00100,admin-portal,docs/PRD-管理后台.md,docs/_archive/DRD-管理后台.md,source_section;source_quote,,MANUAL_REVIEW
REQ-ADMINPORTAL-00101,admin-portal,docs/PRD-管理后台.md,docs/_archive/DRD-管理后台.md,source_section;source_quote,,MANUAL_REVIEW
REQ-ADMINPORTAL-00102,admin-portal,docs/PRD-管理后台.md,docs/_archive/DRD-管理后台.md,,,MANUAL_REVIEW
REQ-ADMINPORTAL-00103,admin-portal,docs/PRD-管理后台.md,docs/_archive/DRD-管理后台.md,,,MANUAL_REVIEW
REQ-ADMINPORTAL-00104,admin-portal,docs/PRD-管理后台.md,docs/_archive/DRD-管理后台.md,atomic_assertion,,MANUAL_REVIEW
REQ-ADMINPORTAL-00105,admin-portal,docs/PRD-管理后台.md,docs/_archive/DRD-管理后台.md,,,MANUAL_REVIEW
REQ-ADMINPORTAL-00106,admin-portal,docs/PRD-管理后台.md,docs/_archive/DRD-管理后台.md,,,MANUAL_REVIEW
REQ-ADMINPORTAL-00107,admin-portal,docs/PRD-管理后台.md,docs/_archive/DRD-管理后台.md,,,MANUAL_REVIEW
REQ-ADMINPORTAL-00108,admin-portal,docs/PRD-管理后台.md,docs/_archive/DRD-管理后台.md,atomic_assertion,,MANUAL_REVIEW
REQ-ADMINPORTAL-00109,admin-portal,docs/PRD-管理后台.md,docs/_archive/DRD-管理后台.md,,,MANUAL_REVIEW
REQ-ADMINPORTAL-00110,admin-portal,docs/PRD-管理后台.md,docs/_archive/DRD-管理后台.md,,,MANUAL_REVIEW
REQ-ADMINPORTAL-00111,admin-portal,docs/PRD-管理后台.md,docs/_archive/DRD-管理后台.md,,,MANUAL_REVIEW
REQ-ADMINPORTAL-00112,admin-portal,docs/PRD-管理后台.md,docs/_archive/DRD-管理后台.md,,,MANUAL_REVIEW
REQ-ADMINPORTAL-00113,admin-portal,docs/PRD-管理后台.md,docs/_archive/DRD-管理后台.md,,,MANUAL_REVIEW
REQ-ADMINPORTAL-00114,admin-portal,docs/PRD-管理后台.md,docs/_archive/DRD-管理后台.md,,,MANUAL_REVIEW
REQ-ADMINPORTAL-00115,admin-portal,docs/PRD-管理后台.md,docs/_archive/DRD-管理后台.md,atomic_assertion,,MANUAL_REVIEW
REQ-ADMINPORTAL-00116,admin-portal,docs/PRD-管理后台.md,docs/_archive/DRD-管理后台.md,,,MANUAL_REVIEW
REQ-ADMINPORTAL-00117,admin-portal,docs/PRD-管理后台.md,docs/_archive/DRD-管理后台.md,,,MANUAL_REVIEW
REQ-ADMINPORTAL-00118,admin-portal,docs/PRD-管理后台.md,docs/_archive/DRD-管理后台.md,,,MANUAL_REVIEW
REQ-ADMINPORTAL-00119,admin-portal,docs/PRD-管理后台.md,docs/_archive/DRD-管理后台.md,,,MANUAL_REVIEW
REQ-ADMINPORTAL-00120,admin-portal,docs/PRD-管理后台.md,docs/_archive/DRD-管理后台.md,,,MANUAL_REVIEW
REQ-ADMINPORTAL-00121,admin-portal,docs/PRD-管理后台.md,docs/_archive/DRD-管理后台.md,,,MANUAL_REVIEW
REQ-ADMINPORTAL-00122,admin-portal,docs/PRD-管理后台.md,docs/_archive/DRD-管理后台.md,,,MANUAL_REVIEW
REQ-ADMINPORTAL-00123,admin-portal,docs/PRD-管理后台.md,docs/_archive/DRD-管理后台.md,,,MANUAL_REVIEW
REQ-ADMINPORTAL-00124,admin-portal,docs/PRD-管理后台.md,docs/_archive/DRD-管理后台.md,,,MANUAL_REVIEW
REQ-ADMINPORTAL-00125,admin-portal,docs/PRD-管理后台.md,docs/_archive/DRD-管理后台.md,,,MANUAL_REVIEW
REQ-ADMINPORTAL-00126,admin-portal,docs/PRD-管理后台.md,docs/_archive/DRD-管理后台.md,,,MANUAL_REVIEW
REQ-ADMINPORTAL-00127,admin-portal,docs/PRD-管理后台.md,docs/_archive/DRD-管理后台.md,,,MANUAL_REVIEW
REQ-ADMINPORTAL-00128,admin-portal,docs/PRD-管理后台.md,docs/_archive/DRD-管理后台.md,,,MANUAL_REVIEW
REQ-ADMINPORTAL-00129,admin-portal,docs/PRD-管理后台.md,docs/_archive/DRD-管理后台.md,,,MANUAL_REVIEW
REQ-ADMINPORTAL-00130,admin-portal,docs/PRD-管理后台.md,docs/_archive/DRD-管理后台.md,,,MANUAL_REVIEW
REQ-ADMINPORTAL-00131,admin-portal,docs/PRD-管理后台.md,docs/_archive/DRD-管理后台.md,,,MANUAL_REVIEW
REQ-ADMINPORTAL-00132,admin-portal,docs/PRD-管理后台.md,docs/_archive/DRD-管理后台.md,,,MANUAL_REVIEW
REQ-ADMINPORTAL-00133,admin-portal,docs/PRD-管理后台.md,docs/_archive/DRD-管理后台.md,,,MANUAL_REVIEW
REQ-ADMINPORTAL-00134,admin-portal,docs/PRD-管理后台.md,docs/_archive/DRD-管理后台.md,,,MANUAL_REVIEW
REQ-ADMINPORTAL-00135,admin-portal,docs/PRD-管理后台.md,docs/_archive/DRD-管理后台.md,,,MANUAL_REVIEW
REQ-ADMINPORTAL-00136,admin-portal,docs/PRD-管理后台.md,docs/_archive/DRD-管理后台.md,,,MANUAL_REVIEW
REQ-ADMINPORTAL-00137,admin-portal,docs/PRD-管理后台.md,docs/_archive/DRD-管理后台.md,,,MANUAL_REVIEW
REQ-ADMINPORTAL-00138,admin-portal,docs/PRD-管理后台.md,docs/_archive/DRD-管理后台.md,,,MANUAL_REVIEW
REQ-ADMINPORTAL-00139,admin-portal,docs/PRD-管理后台.md,docs/_archive/DRD-管理后台.md,,,MANUAL_REVIEW
REQ-ADMINPORTAL-00140,admin-portal,docs/PRD-管理后台.md,docs/_archive/DRD-管理后台.md,,,MANUAL_REVIEW
REQ-ADMINPORTAL-00141,admin-portal,docs/PRD-管理后台.md,docs/_archive/DRD-管理后台.md,,,MANUAL_REVIEW
REQ-ADMINPORTAL-00142,admin-portal,docs/PRD-管理后台.md,docs/_archive/DRD-管理后台.md,,,MANUAL_REVIEW
REQ-ADMINPORTAL-00143,admin-portal,docs/PRD-管理后台.md,docs/_archive/DRD-管理后台.md,,,MANUAL_REVIEW
REQ-ADMINPORTAL-00144,admin-portal,docs/PRD-管理后台.md,docs/_archive/DRD-管理后台.md,,,MANUAL_REVIEW
REQ-ADMINPORTAL-00145,admin-portal,docs/PRD-管理后台.md,docs/_archive/DRD-管理后台.md,atomic_assertion,,MANUAL_REVIEW
REQ-ADMINPORTAL-00146,admin-portal,docs/PRD-管理后台.md,docs/_archive/DRD-管理后台.md,,,MANUAL_REVIEW
REQ-ADMINPORTAL-00147,admin-portal,docs/PRD-管理后台.md,docs/_archive/DRD-管理后台.md,,,MANUAL_REVIEW
REQ-ADMINPORTAL-00148,admin-portal,docs/PRD-管理后台.md,docs/_archive/DRD-管理后台.md,atomic_assertion,,MANUAL_REVIEW
REQ-ADMINPORTAL-00149,admin-portal,docs/PRD-管理后台.md,docs/_archive/DRD-管理后台.md,,,MANUAL_REVIEW
REQ-ADMINPORTAL-00150,admin-portal,docs/PRD-管理后台.md,docs/_archive/DRD-管理后台.md,atomic_assertion,,MANUAL_REVIEW
REQ-ADMINPORTAL-00151,admin-portal,docs/PRD-管理后台.md,docs/_archive/DRD-管理后台.md,,,MANUAL_REVIEW
REQ-ADMINPORTAL-00152,admin-portal,docs/PRD-管理后台.md,docs/_archive/DRD-管理后台.md,,,MANUAL_REVIEW
REQ-ADMINPORTAL-00153,admin-portal,docs/PRD-管理后台.md,docs/_archive/DRD-管理后台.md,atomic_assertion,,MANUAL_REVIEW
REQ-ADMINPORTAL-00154,admin-portal,docs/PRD-管理后台.md,docs/_archive/DRD-管理后台.md,source_section;source_quote,,MANUAL_REVIEW
REQ-ADMINPORTAL-00155,admin-portal,docs/PRD-管理后台.md,docs/_archive/DRD-管理后台.md,source_section;source_quote,,MANUAL_REVIEW
REQ-ADMINPORTAL-00156,admin-portal,docs/PRD-管理后台.md,docs/_archive/DRD-管理后台.md,source_section;source_quote;atomic_assertion,,MANUAL_REVIEW
REQ-ADMINPORTAL-00157,admin-portal,docs/PRD-管理后台.md,docs/_archive/DRD-管理后台.md,source_section;source_quote;atomic_assertion,,MANUAL_REVIEW
REQ-ADMINPORTAL-00158,admin-portal,docs/PRD-管理后台.md,docs/_archive/DRD-管理后台.md,source_section;source_quote,,MANUAL_REVIEW
REQ-ADMINPORTAL-00159,admin-portal,docs/PRD-管理后台.md,docs/_archive/DRD-管理后台.md,source_section;source_quote,,MANUAL_REVIEW
REQ-ADMINPORTAL-00160,admin-portal,docs/PRD-管理后台.md,docs/_archive/DRD-管理后台.md,source_section;source_quote,,MANUAL_REVIEW
REQ-ADMINPORTAL-00161,admin-portal,docs/PRD-管理后台.md,docs/_archive/DRD-管理后台.md,source_section;source_quote,,MANUAL_REVIEW
REQ-ADMINPORTAL-00162,admin-portal,docs/PRD-管理后台.md,docs/_archive/DRD-管理后台.md,source_section;source_quote,,MANUAL_REVIEW
REQ-ADMINPORTAL-00163,admin-portal,docs/PRD-管理后台.md,docs/_archive/DRD-管理后台.md,source_section;source_quote,,MANUAL_REVIEW
REQ-ADMINPORTAL-00164,admin-portal,docs/PRD-管理后台.md,docs/_archive/DRD-管理后台.md,source_section;source_quote,,MANUAL_REVIEW
REQ-ADMINPORTAL-00165,admin-portal,docs/PRD-管理后台.md,docs/_archive/DRD-管理后台.md,source_section;source_quote,,MANUAL_REVIEW
REQ-ADMINPORTAL-00166,admin-portal,docs/PRD-管理后台.md,docs/_archive/DRD-管理后台.md,source_section;source_quote;atomic_assertion,,MANUAL_REVIEW
REQ-ADMINPORTAL-00167,admin-portal,docs/PRD-管理后台.md,docs/_archive/DRD-管理后台.md,source_section;source_quote,,MANUAL_REVIEW
REQ-ADMINPORTAL-00168,admin-portal,docs/PRD-管理后台.md,docs/_archive/DRD-管理后台.md,source_section;source_quote,,MANUAL_REVIEW
REQ-ADMINPORTAL-00169,admin-portal,docs/PRD-管理后台.md,docs/_archive/DRD-管理后台.md,source_section;source_quote,,MANUAL_REVIEW
REQ-ADMINPORTAL-00170,admin-portal,docs/PRD-管理后台.md,docs/_archive/DRD-管理后台.md,source_section;source_quote,,MANUAL_REVIEW
REQ-ADMINPORTAL-00171,admin-portal,docs/PRD-管理后台.md,docs/_archive/DRD-管理后台.md,source_section;source_quote,,MANUAL_REVIEW
REQ-ADMINPORTAL-00172,admin-portal,docs/PRD-管理后台.md,docs/_archive/DRD-管理后台.md,source_section;source_quote,,MANUAL_REVIEW
REQ-ADMINPORTAL-00173,admin-portal,docs/PRD-管理后台.md,docs/_archive/DRD-管理后台.md,source_section;source_quote,,MANUAL_REVIEW
REQ-ADMINPORTAL-00174,admin-portal,docs/PRD-管理后台.md,docs/_archive/DRD-管理后台.md,source_section;source_quote,,MANUAL_REVIEW
REQ-ADMINPORTAL-00175,admin-portal,docs/PRD-管理后台.md,docs/_archive/DRD-管理后台.md,source_section;source_quote,,MANUAL_REVIEW
REQ-ADMINPORTAL-00176,admin-portal,docs/PRD-管理后台.md,docs/_archive/DRD-管理后台.md,source_section;source_quote,,MANUAL_REVIEW
REQ-ADMINPORTAL-00177,admin-portal,docs/PRD-管理后台.md,docs/_archive/DRD-管理后台.md,source_section;source_quote,,MANUAL_REVIEW
REQ-ADMINPORTAL-00178,admin-portal,docs/PRD-管理后台.md,docs/_archive/DRD-管理后台.md,source_section;source_quote,,MANUAL_REVIEW
REQ-ADMINPORTAL-00179,admin-portal,docs/PRD-管理后台.md,docs/_archive/DRD-管理后台.md,source_section;source_quote,,MANUAL_REVIEW
REQ-ADMINPORTAL-00180,admin-portal,docs/PRD-管理后台.md,docs/_archive/DRD-管理后台.md,,,MANUAL_REVIEW
REQ-ADMINPORTAL-00181,admin-portal,docs/PRD-管理后台.md,docs/_archive/DRD-管理后台.md,,,MANUAL_REVIEW
REQ-ADMINPORTAL-00182,admin-portal,docs/PRD-管理后台.md,docs/_archive/DRD-管理后台.md,,,MANUAL_REVIEW
REQ-ADMINPORTAL-00183,admin-portal,docs/PRD-管理后台.md,docs/_archive/DRD-管理后台.md,,,MANUAL_REVIEW
REQ-ADMINPORTAL-00184,admin-portal,docs/PRD-管理后台.md,docs/_archive/DRD-管理后台.md,atomic_assertion,,MANUAL_REVIEW
REQ-ADMINPORTAL-00185,admin-portal,docs/PRD-管理后台.md,docs/_archive/DRD-管理后台.md,atomic_assertion,,MANUAL_REVIEW
REQ-ADMINPORTAL-00186,admin-portal,docs/PRD-管理后台.md,docs/_archive/DRD-管理后台.md,,,MANUAL_REVIEW
REQ-ADMINPORTAL-00187,admin-portal,docs/PRD-管理后台.md,docs/_archive/DRD-管理后台.md,atomic_assertion,,MANUAL_REVIEW
REQ-ADMINPORTAL-00188,admin-portal,docs/PRD-管理后台.md,docs/_archive/DRD-管理后台.md,,,MANUAL_REVIEW
REQ-ADMINPORTAL-00189,admin-portal,docs/PRD-管理后台.md,docs/_archive/DRD-管理后台.md,,,MANUAL_REVIEW
REQ-ADMINPORTAL-00190,admin-portal,docs/PRD-管理后台.md,docs/_archive/DRD-管理后台.md,,,MANUAL_REVIEW
REQ-ADMINPORTAL-00191,admin-portal,docs/PRD-管理后台.md,docs/_archive/DRD-管理后台.md,,,MANUAL_REVIEW
REQ-ADMINPORTAL-00192,admin-portal,docs/PRD-管理后台.md,docs/_archive/DRD-管理后台.md,,,MANUAL_REVIEW
REQ-ADMINPORTAL-00193,admin-portal,docs/PRD-管理后台.md,docs/_archive/DRD-管理后台.md,atomic_assertion,,MANUAL_REVIEW
REQ-ADMINPORTAL-00194,admin-portal,docs/PRD-管理后台.md,docs/_archive/DRD-管理后台.md,atomic_assertion,,MANUAL_REVIEW
REQ-ADMINPORTAL-00195,admin-portal,docs/PRD-管理后台.md,docs/_archive/DRD-管理后台.md,,,MANUAL_REVIEW
REQ-ADMINPORTAL-00196,admin-portal,docs/PRD-管理后台.md,docs/_archive/DRD-管理后台.md,atomic_assertion,,MANUAL_REVIEW
REQ-ADMINPORTAL-00197,admin-portal,docs/PRD-管理后台.md,docs/_archive/DRD-管理后台.md,atomic_assertion,,MANUAL_REVIEW
REQ-ADMINPORTAL-00198,admin-portal,docs/PRD-管理后台.md,docs/_archive/DRD-管理后台.md,,,MANUAL_REVIEW
REQ-ADMINPORTAL-00199,admin-portal,docs/PRD-管理后台.md,docs/_archive/DRD-管理后台.md,,,MANUAL_REVIEW
REQ-ADMINPORTAL-00200,admin-portal,docs/PRD-管理后台.md,docs/_archive/DRD-管理后台.md,,,MANUAL_REVIEW
REQ-ADMINPORTAL-00201,admin-portal,docs/PRD-管理后台.md,docs/_archive/DRD-管理后台.md,source_section;source_quote,,MANUAL_REVIEW
REQ-ADMINPORTAL-00202,admin-portal,docs/PRD-管理后台.md,docs/_archive/DRD-管理后台.md,source_section;source_quote,,MANUAL_REVIEW
REQ-ADMINPORTAL-00203,admin-portal,docs/PRD-管理后台.md,docs/_archive/DRD-管理后台.md,source_section;source_quote,,MANUAL_REVIEW
REQ-ADMINPORTAL-00204,admin-portal,docs/PRD-管理后台.md,docs/_archive/DRD-管理后台.md,source_section;source_quote,,MANUAL_REVIEW
REQ-ADMINPORTAL-00205,admin-portal,docs/PRD-管理后台.md,docs/_archive/DRD-管理后台.md,source_section;source_quote,,MANUAL_REVIEW
REQ-ADMINPORTAL-00206,admin-portal,docs/PRD-管理后台.md,docs/_archive/DRD-管理后台.md,source_section;source_quote,,MANUAL_REVIEW
REQ-ADMINPORTAL-00207,admin-portal,docs/PRD-管理后台.md,docs/_archive/DRD-管理后台.md,source_section;source_quote,,MANUAL_REVIEW
REQ-ADMINPORTAL-00208,admin-portal,docs/PRD-管理后台.md,docs/_archive/DRD-管理后台.md,source_section;source_quote;atomic_assertion,,MANUAL_REVIEW
REQ-ADMINPORTAL-00209,admin-portal,docs/PRD-管理后台.md,docs/_archive/DRD-管理后台.md,source_section;source_quote,,MANUAL_REVIEW
REQ-ADMINPORTAL-00210,admin-portal,docs/PRD-管理后台.md,docs/_archive/DRD-管理后台.md,source_section;source_quote,,MANUAL_REVIEW
REQ-ADMINPORTAL-00211,admin-portal,docs/PRD-管理后台.md,docs/_archive/DRD-管理后台.md,source_section;source_quote,,MANUAL_REVIEW
REQ-ADMINPORTAL-00212,admin-portal,docs/PRD-管理后台.md,docs/_archive/DRD-管理后台.md,source_section;source_quote,,MANUAL_REVIEW
REQ-ADMINPORTAL-00213,admin-portal,docs/PRD-管理后台.md,docs/_archive/DRD-管理后台.md,,,MANUAL_REVIEW
REQ-ADMINPORTAL-00214,admin-portal,docs/PRD-管理后台.md,docs/_archive/DRD-管理后台.md,,,MANUAL_REVIEW
REQ-ADMINPORTAL-00215,admin-portal,docs/PRD-管理后台.md,docs/_archive/DRD-管理后台.md,,,MANUAL_REVIEW
REQ-ADMINPORTAL-00216,admin-portal,docs/PRD-管理后台.md,docs/_archive/DRD-管理后台.md,,,MANUAL_REVIEW
REQ-ADMINPORTAL-00217,admin-portal,docs/PRD-管理后台.md,docs/_archive/DRD-管理后台.md,,,MANUAL_REVIEW
REQ-ADMINPORTAL-00218,admin-portal,docs/PRD-管理后台.md,docs/_archive/DRD-管理后台.md,,,MANUAL_REVIEW
REQ-ADMINPORTAL-00219,admin-portal,docs/PRD-管理后台.md,docs/_archive/DRD-管理后台.md,,,MANUAL_REVIEW
REQ-ADMINPORTAL-00220,admin-portal,docs/PRD-管理后台.md,docs/_archive/DRD-管理后台.md,atomic_assertion,,MANUAL_REVIEW
REQ-ADMINPORTAL-00221,admin-portal,docs/PRD-管理后台.md,docs/_archive/DRD-管理后台.md,,,MANUAL_REVIEW
REQ-ADMINPORTAL-00222,admin-portal,docs/PRD-管理后台.md,docs/_archive/DRD-管理后台.md,,,MANUAL_REVIEW
REQ-ADMINPORTAL-00223,admin-portal,docs/PRD-管理后台.md,docs/_archive/DRD-管理后台.md,,,MANUAL_REVIEW
REQ-ADMINPORTAL-00224,admin-portal,docs/PRD-管理后台.md,docs/_archive/DRD-管理后台.md,,,MANUAL_REVIEW
REQ-ADMINPORTAL-00225,admin-portal,docs/PRD-管理后台.md,docs/_archive/DRD-管理后台.md,source_section;source_quote,,MANUAL_REVIEW
REQ-ADMINPORTAL-00226,admin-portal,docs/PRD-管理后台.md,docs/_archive/DRD-管理后台.md,source_section;source_quote,,MANUAL_REVIEW
REQ-ADMINPORTAL-00227,admin-portal,docs/PRD-管理后台.md,docs/_archive/DRD-管理后台.md,source_section;source_quote,,MANUAL_REVIEW
REQ-ADMINPORTAL-00228,admin-portal,docs/PRD-管理后台.md,docs/_archive/DRD-管理后台.md,source_section;source_quote;atomic_assertion,,MANUAL_REVIEW
REQ-ADMINPORTAL-00229,admin-portal,docs/PRD-管理后台.md,docs/_archive/DRD-管理后台.md,source_section;source_quote;atomic_assertion,,MANUAL_REVIEW
REQ-ADMINPORTAL-00230,admin-portal,docs/PRD-管理后台.md,docs/_archive/DRD-管理后台.md,source_section;source_quote;atomic_assertion,,MANUAL_REVIEW
REQ-ADMINPORTAL-00231,admin-portal,docs/PRD-管理后台.md,docs/_archive/DRD-管理后台.md,source_section;source_quote;atomic_assertion,,MANUAL_REVIEW
REQ-ADMINPORTAL-00232,admin-portal,docs/PRD-管理后台.md,docs/_archive/DRD-管理后台.md,source_section;source_quote;atomic_assertion,,MANUAL_REVIEW
REQ-ADMINPORTAL-00233,admin-portal,docs/PRD-管理后台.md,docs/_archive/DRD-管理后台.md,source_section;source_quote;atomic_assertion,,MANUAL_REVIEW
REQ-ADMINPORTAL-00234,admin-portal,docs/PRD-管理后台.md,docs/_archive/DRD-管理后台.md,source_section;source_quote,,MANUAL_REVIEW
REQ-ADMINPORTAL-00235,admin-portal,docs/PRD-管理后台.md,docs/_archive/DRD-管理后台.md,source_section;source_quote;atomic_assertion,,MANUAL_REVIEW
REQ-ADMINPORTAL-00236,admin-portal,docs/PRD-管理后台.md,docs/_archive/DRD-管理后台.md,source_section;source_quote,,MANUAL_REVIEW
REQ-ADMINPORTAL-00237,admin-portal,docs/PRD-管理后台.md,docs/_archive/DRD-管理后台.md,source_section;source_quote,,MANUAL_REVIEW
REQ-ADMINPORTAL-00238,admin-portal,docs/PRD-管理后台.md,docs/_archive/DRD-管理后台.md,source_section;source_quote,,MANUAL_REVIEW
REQ-ADMINPORTAL-00239,admin-portal,docs/PRD-管理后台.md,docs/_archive/DRD-管理后台.md,source_section;source_quote,,MANUAL_REVIEW
REQ-ADMINPORTAL-00240,admin-portal,docs/PRD-管理后台.md,docs/_archive/DRD-管理后台.md,source_section;source_quote,,MANUAL_REVIEW
REQ-ADMINPORTAL-00241,admin-portal,docs/PRD-管理后台.md,docs/_archive/DRD-管理后台.md,source_section;source_quote,,MANUAL_REVIEW
REQ-ADMINPORTAL-00242,admin-portal,docs/PRD-管理后台.md,docs/_archive/DRD-管理后台.md,source_section;source_quote,,MANUAL_REVIEW
REQ-ADMINPORTAL-00243,admin-portal,docs/PRD-管理后台.md,docs/_archive/DRD-管理后台.md,source_section;source_quote,,MANUAL_REVIEW
REQ-ADMINPORTAL-00244,admin-portal,docs/PRD-管理后台.md,docs/_archive/DRD-管理后台.md,source_section;source_quote,,MANUAL_REVIEW
REQ-ADMINPORTAL-00245,admin-portal,docs/PRD-管理后台.md,docs/_archive/DRD-管理后台.md,source_section;source_quote,,MANUAL_REVIEW
REQ-ADMINPORTAL-00246,admin-portal,docs/PRD-管理后台.md,docs/_archive/DRD-管理后台.md,source_section;source_quote,,MANUAL_REVIEW
REQ-ADMINPORTAL-00247,admin-portal,docs/PRD-管理后台.md,docs/_archive/DRD-管理后台.md,source_section;source_quote,,MANUAL_REVIEW
REQ-ADMINPORTAL-00248,admin-portal,docs/PRD-管理后台.md,docs/_archive/DRD-管理后台.md,source_section;source_quote,,MANUAL_REVIEW
REQ-ADMINPORTAL-00249,admin-portal,docs/PRD-管理后台.md,docs/_archive/DRD-管理后台.md,source_section;source_quote,,MANUAL_REVIEW
REQ-ADMINPORTAL-00250,admin-portal,docs/PRD-管理后台.md,docs/_archive/DRD-管理后台.md,source_section;source_quote,,MANUAL_REVIEW
REQ-ADMINPORTAL-00251,admin-portal,docs/PRD-管理后台.md,docs/_archive/DRD-管理后台.md,source_section;source_quote;atomic_assertion,,MANUAL_REVIEW
REQ-ADMINPORTAL-00252,admin-portal,docs/PRD-管理后台.md,docs/_archive/DRD-管理后台.md,source_section;source_quote;atomic_assertion,,MANUAL_REVIEW
REQ-ADMINPORTAL-00253,admin-portal,docs/PRD-管理后台.md,docs/_archive/DRD-管理后台.md,source_section;source_quote;atomic_assertion,,MANUAL_REVIEW
REQ-ADMINPORTAL-00254,admin-portal,docs/PRD-管理后台.md,docs/_archive/DRD-管理后台.md,source_section;source_quote,,MANUAL_REVIEW
REQ-ADMINPORTAL-00255,admin-portal,docs/PRD-管理后台.md,docs/_archive/DRD-管理后台.md,source_section;source_quote,,MANUAL_REVIEW
REQ-ADMINPORTAL-00256,admin-portal,docs/PRD-管理后台.md,docs/_archive/DRD-管理后台.md,source_section;source_quote;atomic_assertion,,MANUAL_REVIEW
REQ-ADMINPORTAL-00257,admin-portal,docs/PRD-管理后台.md,docs/_archive/DRD-管理后台.md,source_section;source_quote;atomic_assertion,,MANUAL_REVIEW
REQ-ADMINPORTAL-00258,admin-portal,docs/PRD-管理后台.md,docs/_archive/DRD-管理后台.md,source_section;source_quote,,MANUAL_REVIEW
REQ-ADMINPORTAL-00259,admin-portal,docs/PRD-管理后台.md,docs/_archive/DRD-管理后台.md,source_section;source_quote,,MANUAL_REVIEW
REQ-ADMINPORTAL-00260,admin-portal,docs/PRD-管理后台.md,docs/_archive/DRD-管理后台.md,source_section;source_quote,,MANUAL_REVIEW
REQ-ADMINPORTAL-00261,admin-portal,docs/PRD-管理后台.md,docs/_archive/DRD-管理后台.md,source_section;source_quote,,MANUAL_REVIEW
REQ-ADMINPORTAL-00262,admin-portal,docs/PRD-管理后台.md,docs/_archive/DRD-管理后台.md,source_section;source_quote,,MANUAL_REVIEW
REQ-ADMINPORTAL-00263,admin-portal,docs/PRD-管理后台.md,docs/_archive/DRD-管理后台.md,source_section;source_quote,,MANUAL_REVIEW
REQ-ADMINPORTAL-00264,admin-portal,docs/PRD-管理后台.md,docs/_archive/DRD-管理后台.md,source_section;source_quote,,MANUAL_REVIEW
REQ-ADMINPORTAL-00265,admin-portal,docs/PRD-管理后台.md,docs/_archive/DRD-管理后台.md,source_section;source_quote;atomic_assertion,,MANUAL_REVIEW
REQ-ADMINPORTAL-00266,admin-portal,docs/PRD-管理后台.md,docs/_archive/DRD-管理后台.md,source_section;source_quote;atomic_assertion,,MANUAL_REVIEW
REQ-ADMINPORTAL-00267,admin-portal,docs/PRD-管理后台.md,docs/_archive/DRD-管理后台.md,source_section;source_quote;atomic_assertion,,MANUAL_REVIEW
REQ-ADMINPORTAL-00268,admin-portal,docs/PRD-管理后台.md,docs/_archive/DRD-管理后台.md,source_section;source_quote,,MANUAL_REVIEW
REQ-ADMINPORTAL-00269,admin-portal,docs/PRD-管理后台.md,docs/_archive/DRD-管理后台.md,source_section;source_quote,,MANUAL_REVIEW
REQ-ADMINPORTAL-00270,admin-portal,docs/PRD-管理后台.md,docs/_archive/DRD-管理后台.md,source_section;source_quote,,MANUAL_REVIEW
REQ-ADMINPORTAL-00271,admin-portal,docs/PRD-管理后台.md,docs/_archive/DRD-管理后台.md,source_section;source_quote,,MANUAL_REVIEW
REQ-ADMINPORTAL-00272,admin-portal,docs/PRD-管理后台.md,docs/_archive/DRD-管理后台.md,source_section;source_quote,,MANUAL_REVIEW
REQ-ADMINPORTAL-00273,admin-portal,docs/PRD-管理后台.md,docs/_archive/DRD-管理后台.md,source_section;source_quote;atomic_assertion,,MANUAL_REVIEW
REQ-ADMINPORTAL-00274,admin-portal,docs/PRD-管理后台.md,docs/_archive/DRD-管理后台.md,source_section;source_quote,,MANUAL_REVIEW
REQ-ADMINPORTAL-00275,admin-portal,docs/PRD-管理后台.md,docs/_archive/DRD-管理后台.md,source_section;source_quote,,MANUAL_REVIEW
REQ-ADMINPORTAL-00276,admin-portal,docs/PRD-管理后台.md,docs/_archive/DRD-管理后台.md,source_section;source_quote,,MANUAL_REVIEW
REQ-ADMINPORTAL-00277,admin-portal,docs/PRD-管理后台.md,docs/_archive/DRD-管理后台.md,source_section;source_quote,,MANUAL_REVIEW
REQ-ADMINPORTAL-00278,admin-portal,docs/PRD-管理后台.md,docs/_archive/DRD-管理后台.md,source_section;source_quote,,MANUAL_REVIEW
REQ-ADMINPORTAL-00279,admin-portal,docs/PRD-管理后台.md,docs/_archive/DRD-管理后台.md,source_section;source_quote,,MANUAL_REVIEW
REQ-ADMINPORTAL-00280,admin-portal,docs/PRD-管理后台.md,docs/_archive/DRD-管理后台.md,source_section;source_quote;atomic_assertion,,MANUAL_REVIEW
REQ-ADMINPORTAL-00281,admin-portal,docs/PRD-管理后台.md,docs/_archive/DRD-管理后台.md,source_section;source_quote,,MANUAL_REVIEW
REQ-ADMINPORTAL-00282,admin-portal,docs/PRD-管理后台.md,docs/_archive/DRD-管理后台.md,source_section;source_quote,,MANUAL_REVIEW
REQ-ADMINPORTAL-00283,admin-portal,docs/PRD-管理后台.md,docs/_archive/DRD-管理后台.md,source_section;source_quote,,MANUAL_REVIEW
REQ-ADMINPORTAL-00284,admin-portal,docs/PRD-管理后台.md,docs/_archive/DRD-管理后台.md,source_section;source_quote;atomic_assertion,,MANUAL_REVIEW
REQ-ADMINPORTAL-00285,admin-portal,docs/PRD-管理后台.md,docs/_archive/DRD-管理后台.md,source_section;source_quote,,MANUAL_REVIEW
REQ-ADMINPORTAL-00286,admin-portal,docs/PRD-管理后台.md,docs/_archive/DRD-管理后台.md,source_section;source_quote,,MANUAL_REVIEW
REQ-ADMINPORTAL-00287,admin-portal,docs/PRD-管理后台.md,docs/_archive/DRD-管理后台.md,source_section;source_quote,,MANUAL_REVIEW
REQ-ADMINPORTAL-00288,admin-portal,docs/PRD-管理后台.md,docs/_archive/DRD-管理后台.md,source_section;source_quote,,MANUAL_REVIEW
REQ-ADMINPORTAL-00289,admin-portal,docs/PRD-管理后台.md,docs/_archive/DRD-管理后台.md,source_section;source_quote,,MANUAL_REVIEW
REQ-ADMINPORTAL-00290,admin-portal,docs/PRD-管理后台.md,docs/_archive/DRD-管理后台.md,source_section;source_quote,,MANUAL_REVIEW
REQ-ADMINPORTAL-00291,admin-portal,docs/PRD-管理后台.md,docs/_archive/DRD-管理后台.md,source_section;source_quote,,MANUAL_REVIEW
REQ-ADMINPORTAL-00292,admin-portal,docs/PRD-管理后台.md,docs/_archive/DRD-管理后台.md,source_section;source_quote,,MANUAL_REVIEW
REQ-ADMINPORTAL-00293,admin-portal,docs/PRD-管理后台.md,docs/_archive/DRD-管理后台.md,source_section;source_quote,,MANUAL_REVIEW
REQ-ADMINPORTAL-00294,admin-portal,docs/PRD-管理后台.md,docs/_archive/DRD-管理后台.md,source_section;source_quote,,MANUAL_REVIEW
REQ-ADMINPORTAL-00295,admin-portal,docs/PRD-管理后台.md,docs/_archive/DRD-管理后台.md,source_section;source_quote,,MANUAL_REVIEW
REQ-ADMINPORTAL-00296,admin-portal,docs/PRD-管理后台.md,docs/_archive/DRD-管理后台.md,source_section;source_quote,,MANUAL_REVIEW
REQ-ADMINPORTAL-00297,admin-portal,docs/PRD-管理后台.md,docs/_archive/DRD-管理后台.md,source_section;source_quote,,MANUAL_REVIEW
REQ-ADMINPORTAL-00298,admin-portal,docs/PRD-管理后台.md,docs/_archive/DRD-管理后台.md,source_section;source_quote,,MANUAL_REVIEW
REQ-ADMINPORTAL-00299,admin-portal,docs/PRD-管理后台.md,docs/_archive/DRD-管理后台.md,source_section;source_quote,,MANUAL_REVIEW
REQ-ADMINPORTAL-02783,admin-portal,docs/PRD-管理后台.md,docs/_archive/DRD-管理后台.md,,,MANUAL_REVIEW
REQ-ADMINPORTAL-02784,admin-portal,docs/PRD-管理后台.md,docs/_archive/DRD-管理后台.md,,,MANUAL_REVIEW
REQ-ADMINPORTAL-02785,admin-portal,docs/PRD-管理后台.md,docs/_archive/DRD-管理后台.md,,,MANUAL_REVIEW
REQ-ADMINPORTAL-02786,admin-portal,docs/PRD-管理后台.md,docs/_archive/DRD-管理后台.md,,,MANUAL_REVIEW
REQ-ADMINPORTAL-02787,admin-portal,docs/PRD-管理后台.md,docs/_archive/DRD-管理后台.md,,,MANUAL_REVIEW
REQ-ADMINPORTAL-02788,admin-portal,docs/PRD-管理后台.md,docs/_archive/DRD-管理后台.md,,,MANUAL_REVIEW
REQ-ADMINPORTAL-02789,admin-portal,docs/PRD-管理后台.md,docs/_archive/DRD-管理后台.md,,,MANUAL_REVIEW
REQ-ADMINPORTAL-02790,admin-portal,docs/PRD-管理后台.md,docs/_archive/DRD-管理后台.md,,,MANUAL_REVIEW
REQ-ADMINPORTAL-02791,admin-portal,docs/PRD-管理后台.md,docs/_archive/DRD-管理后台.md,,,MANUAL_REVIEW
REQ-ADMINPORTAL-02792,admin-portal,docs/PRD-管理后台.md,docs/_archive/DRD-管理后台.md,,,MANUAL_REVIEW
REQ-ADMINPORTAL-02793,admin-portal,docs/PRD-管理后台.md,docs/_archive/DRD-管理后台.md,,,MANUAL_REVIEW
REQ-ADMINPORTAL-02794,admin-portal,docs/PRD-管理后台.md,docs/_archive/DRD-管理后台.md,,,MANUAL_REVIEW
REQ-ADMINPORTAL-02795,admin-portal,docs/PRD-管理后台.md,docs/_archive/DRD-管理后台.md,,,MANUAL_REVIEW
REQ-ADMINPORTAL-02796,admin-portal,docs/PRD-管理后台.md,docs/_archive/DRD-管理后台.md,,,MANUAL_REVIEW
REQ-ADMINPORTAL-02797,admin-portal,docs/PRD-管理后台.md,docs/_archive/DRD-管理后台.md,,,MANUAL_REVIEW
REQ-ADMINPORTAL-02798,admin-portal,docs/PRD-管理后台.md,docs/_archive/DRD-管理后台.md,,,MANUAL_REVIEW
REQ-ADMINPORTAL-02799,admin-portal,docs/PRD-管理后台.md,docs/_archive/DRD-管理后台.md,,,MANUAL_REVIEW
REQ-ADMINPORTAL-02800,admin-portal,docs/PRD-管理后台.md,docs/_archive/DRD-管理后台.md,,,MANUAL_REVIEW
