req_id,current_source,bad_fields,best_reference_score,reference_lines,reference_quotes,status
UA2-00001,docs/PRD-用户体系.md,source_quote;atomic_assertion,,,,MANUAL_REVIEW
UA2-00004,docs/PRD-用户体系.md,source_quote;atomic_assertion,,,,MANUAL_REVIEW
UA2-00009,docs/PRD-用户体系.md,source_quote;atomic_assertion,,,,MANUAL_REVIEW
UA2-00044,docs/PRD-用户体系.md,source_quote;atomic_assertion,,,,MANUAL_REVIEW
UA2-00049,docs/PRD-用户体系.md,source_quote;atomic_assertion,,,,MANUAL_REVIEW
UA2-00052,docs/PRD-用户体系.md,source_quote;atomic_assertion,,,,MANUAL_REVIEW
UA2-00078,docs/PRD-用户体系.md,source_quote;atomic_assertion,,,,MANUAL_REVIEW
UA2-00083,docs/PRD-用户体系.md,source_quote;atomic_assertion,,,,MANUAL_REVIEW
UA2-00102,docs/PRD-用户体系.md,source_quote;atomic_assertion,,,,MANUAL_REVIEW
UA2-00103,docs/PRD-用户体系.md,source_quote;atomic_assertion,,,,MANUAL_REVIEW
UA2-00104,docs/PRD-用户体系.md,source_quote;atomic_assertion,,,,MANUAL_REVIEW
UA2-00113,docs/PRD-用户体系.md,source_quote;atomic_assertion,,,,MANUAL_REVIEW
UA2-00116,docs/PRD-用户体系.md,source_quote;atomic_assertion,,,,MANUAL_REVIEW
UA2-00117,docs/PRD-用户体系.md,source_quote;atomic_assertion,,,,MANUAL_REVIEW
UA2-00136,docs/PRD-用户体系.md,source_quote;atomic_assertion,,,,MANUAL_REVIEW
UA2-00156,docs/PRD-用户体系.md,source_quote;atomic_assertion,,,,MANUAL_REVIEW
UA2-00158,docs/PRD-用户体系.md,source_quote;atomic_assertion,,,,MANUAL_REVIEW
UA2-00168,docs/PRD-用户体系.md,source_quote;atomic_assertion,,,,MANUAL_REVIEW
UA2-00169,docs/PRD-用户体系.md,source_quote;atomic_assertion,,,,MANUAL_REVIEW
UA2-00170,docs/PRD-用户体系.md,source_quote;atomic_assertion,,,,MANUAL_REVIEW
UA2-00171,docs/PRD-用户体系.md,source_section,,,,MANUAL_REVIEW
UA2-00172,docs/PRD-用户体系.md,source_section,,,,MANUAL_REVIEW
UA2-00173,docs/PRD-用户体系.md,source_section,,,,MANUAL_REVIEW
UA2-00174,docs/PRD-用户体系.md,source_section,,,,MANUAL_REVIEW
UA2-00175,docs/PRD-用户体系.md,source_section,,,,MANUAL_REVIEW
UA2-00176,docs/PRD-用户体系.md,source_section,,,,MANUAL_REVIEW
UA2-00177,docs/PRD-用户体系.md,source_section,,,,MANUAL_REVIEW
UA2-00178,docs/PRD-用户体系.md,source_section,,,,MANUAL_REVIEW
UA2-00179,docs/PRD-用户体系.md,source_section,,,,MANUAL_REVIEW
UA2-00181,docs/PRD-用户体系.md,source_section,,,,MANUAL_REVIEW
UA2-00182,docs/PRD-用户体系.md,source_section,,,,MANUAL_REVIEW
UA2-00184,docs/PRD-用户体系.md,source_section,0.533,137,users 表 → 昵称/余额/角色/VIP,MANUAL_REVIEW_WITH_REFERENCE
UA2-00186,docs/PRD-用户体系.md,source_section,,,,MANUAL_REVIEW
UA2-00187,docs/PRD-用户体系.md,source_section,,,,MANUAL_REVIEW
UA2-00188,docs/PRD-用户体系.md,source_section,,,,MANUAL_REVIEW
UA2-00189,docs/PRD-用户体系.md,source_section,0.542,309,回调成功 → 更新 users.balance → 写入 recharge_logs,MANUAL_REVIEW_WITH_REFERENCE
UA2-00190,docs/PRD-用户体系.md,source_section,,,,MANUAL_REVIEW
UA2-00191,docs/PRD-用户体系.md,source_section,,,,MANUAL_REVIEW
UA2-00192,docs/PRD-用户体系.md,source_section,,,,MANUAL_REVIEW
UA2-00193,docs/PRD-用户体系.md,source_section,,,,MANUAL_REVIEW
UA2-00194,docs/PRD-用户体系.md,source_section;source_quote;atomic_assertion,,,,MANUAL_REVIEW
UA2-00195,docs/PRD-用户体系.md,source_section,,,,MANUAL_REVIEW
UA2-00196,docs/PRD-用户体系.md,source_section,,,,MANUAL_REVIEW
UA2-00197,docs/PRD-用户体系.md,source_section,,,,MANUAL_REVIEW
UA2-00198,docs/PRD-用户体系.md,source_section,,,,MANUAL_REVIEW
UA2-00199,docs/PRD-用户体系.md,source_section,0.516,267;266;215,call_logs 按月分区 → 查询优化 || 上游：call_logs 表 → 每次 API 调用的完整记录 || call_logs 表 → 记录每次调用的 Key 使用情况,MANUAL_REVIEW_WITH_REFERENCE
UA2-00200,docs/PRD-用户体系.md,source_section,,,,MANUAL_REVIEW
UA2-00201,docs/PRD-用户体系.md,source_section,0.480,171;381;141,- 输入单价 ¥/1K tokens + 输出单价 || 2. 按 `max_tokens` 参数预估最大费用 || 定时轮询（10秒）→ 用 Token 消耗实时更新,MANUAL_REVIEW_WITH_REFERENCE
UA2-00202,docs/PRD-用户体系.md,source_section,,,,MANUAL_REVIEW
UA2-00204,docs/PRD-用户体系.md,source_section,0.476,140,user_quotas 表 → 免费额度,MANUAL_REVIEW_WITH_REFERENCE
UA2-00206,docs/PRD-用户体系.md,source_section,,,,MANUAL_REVIEW
UA2-00207,docs/PRD-用户体系.md,source_section,,,,MANUAL_REVIEW
UA2-00208,docs/PRD-用户体系.md,source_section,,,,MANUAL_REVIEW
UA2-00209,docs/PRD-用户体系.md,source_section,0.632,139,login_history 表 → 上次登录信息,MANUAL_REVIEW_WITH_REFERENCE
UA2-00211,docs/PRD-用户体系.md,source_section,,,,MANUAL_REVIEW
UA2-00212,docs/PRD-用户体系.md,source_section,,,,MANUAL_REVIEW
UA2-00214,docs/PRD-用户体系.md,source_section,,,,MANUAL_REVIEW
UA2-00216,docs/PRD-用户体系.md,source_section,,,,MANUAL_REVIEW
UA2-00218,docs/PRD-用户体系.md,source_section,,,,MANUAL_REVIEW
UA2-00220,docs/PRD-用户体系.md,source_section,,,,MANUAL_REVIEW
UA2-00221,docs/PRD-用户体系.md,source_section,,,,MANUAL_REVIEW
UA2-00222,docs/PRD-用户体系.md,source_section,,,,MANUAL_REVIEW
UA2-00223,docs/PRD-用户体系.md,source_section,,,,MANUAL_REVIEW
UA2-00224,docs/PRD-用户体系.md,source_section,,,,MANUAL_REVIEW
UA2-00225,docs/PRD-用户体系.md,source_section,,,,MANUAL_REVIEW
UA2-00226,docs/PRD-用户体系.md,source_section,,,,MANUAL_REVIEW
UA2-00227,docs/PRD-用户体系.md,source_section,0.500,309;241,回调成功 → 更新 users.balance → 写入 recharge_logs || | 单个用户 Key 数量上限 | `site_configs.max_keys_per_user`（默认 50 个）|,MANUAL_REVIEW_WITH_REFERENCE
UA2-00228,docs/PRD-用户体系.md,source_section,,,,MANUAL_REVIEW
UA2-00229,docs/PRD-用户体系.md,source_section,,,,MANUAL_REVIEW
UA2-00230,docs/PRD-用户体系.md,source_section,,,,MANUAL_REVIEW
UA2-00231,docs/PRD-用户体系.md,source_section,0.471,241;309,| 单个用户 Key 数量上限 | `site_configs.max_keys_per_user`（默认 50 个）| || 回调成功 → 更新 users.balance → 写入 recharge_logs,MANUAL_REVIEW_WITH_REFERENCE
UA2-00232,docs/PRD-用户体系.md,source_section,,,,MANUAL_REVIEW
UA2-00233,docs/PRD-用户体系.md,source_section,,,,MANUAL_REVIEW
UA2-00234,docs/PRD-用户体系.md,source_section,,,,MANUAL_REVIEW
UA2-00235,docs/PRD-用户体系.md,source_section,0.464,241;331,| 单个用户 Key 数量上限 | `site_configs.max_keys_per_user`（默认 50 个）| || ## 2.9 兑换码 `/console/redemption`,MANUAL_REVIEW_WITH_REFERENCE
UA2-00236,docs/PRD-用户体系.md,source_section,,,,MANUAL_REVIEW
UA2-00237,docs/PRD-用户体系.md,source_section,,,,MANUAL_REVIEW
UA2-00238,docs/PRD-用户体系.md,source_section;source_quote;atomic_assertion,,,,MANUAL_REVIEW
UA2-00239,docs/PRD-用户体系.md,source_section;source_quote;atomic_assertion,,,,MANUAL_REVIEW
UA2-00240,docs/PRD-用户体系.md,source_section,,,,MANUAL_REVIEW
UA2-00241,docs/PRD-用户体系.md,source_section,,,,MANUAL_REVIEW
UA2-00242,docs/PRD-用户体系.md,source_section,,,,MANUAL_REVIEW
UA2-00243,docs/PRD-用户体系.md,source_section;source_quote;atomic_assertion,,,,MANUAL_REVIEW
UA2-00244,docs/PRD-用户体系.md,source_section,,,,MANUAL_REVIEW
UA2-00245,docs/PRD-用户体系.md,source_section,,,,MANUAL_REVIEW
UA2-00246,docs/PRD-用户体系.md,source_section,0.485,267;246;145,"call_logs 按月分区 → 查询优化 || ## 2.5 调用日志 `/console/logs` || 点击""查看日志""→ 跳转 /console/logs",MANUAL_REVIEW_WITH_REFERENCE
UA2-00247,docs/PRD-用户体系.md,source_section,,,,MANUAL_REVIEW
UA2-00248,docs/PRD-用户体系.md,source_section,,,,MANUAL_REVIEW
UA2-00249,docs/PRD-用户体系.md,source_section,0.550,246;290;317,## 2.5 调用日志 `/console/logs` || ## 2.7 充值 `/console/recharge` || ## 2.8 交易明细 `/console/transactions`,MANUAL_REVIEW_WITH_REFERENCE
UA2-00250,docs/PRD-用户体系.md,source_section,,,,MANUAL_REVIEW
UA2-00251,docs/PRD-用户体系.md,source_section,0.438,381,2. 按 `max_tokens` 参数预估最大费用,MANUAL_REVIEW_WITH_REFERENCE
UA2-00252,docs/PRD-用户体系.md,source_section,,,,MANUAL_REVIEW
UA2-00254,docs/PRD-用户体系.md,source_section,0.571,275;317;290,## 2.6 用量统计 `/console/stats` || ## 2.8 交易明细 `/console/transactions` || ## 2.7 充值 `/console/recharge`,MANUAL_REVIEW_WITH_REFERENCE
UA2-00255,docs/PRD-用户体系.md,source_section,,,,MANUAL_REVIEW
UA2-00256,docs/PRD-用户体系.md,source_section,,,,MANUAL_REVIEW
UA2-00257,docs/PRD-用户体系.md,source_section,,,,MANUAL_REVIEW
UA2-00259,docs/PRD-用户体系.md,source_section,0.679,317;290;331,## 2.8 交易明细 `/console/transactions` || ## 2.7 充值 `/console/recharge` || ## 2.9 兑换码 `/console/redemption`,MANUAL_REVIEW_WITH_REFERENCE
UA2-00260,docs/PRD-用户体系.md,source_section,,,,MANUAL_REVIEW
UA2-00261,docs/PRD-用户体系.md,source_section,0.542,309,回调成功 → 更新 users.balance → 写入 recharge_logs,MANUAL_REVIEW_WITH_REFERENCE
UA2-00262,docs/PRD-用户体系.md,source_section,,,,MANUAL_REVIEW
UA2-00263,docs/PRD-用户体系.md,source_section,,,,MANUAL_REVIEW
UA2-00264,docs/PRD-用户体系.md,source_section,0.857,290;143;331,"## 2.7 充值 `/console/recharge` || 点击""充值""→ 跳转 /console/recharge || ## 2.9 兑换码 `/console/redemption`",MANUAL_REVIEW_WITH_REFERENCE
UA2-00265,docs/PRD-用户体系.md,source_section,,,,MANUAL_REVIEW
UA2-00266,docs/PRD-用户体系.md,source_section,,,,MANUAL_REVIEW
UA2-00267,docs/PRD-用户体系.md,source_section;source_quote;atomic_assertion,,,,MANUAL_REVIEW
UA2-00268,docs/PRD-用户体系.md,source_section;source_quote;atomic_assertion,,,,MANUAL_REVIEW
UA2-00269,docs/PRD-用户体系.md,source_section;source_quote;atomic_assertion,0.529,155,"| 数值 > 9999 | 自动换算为 K/M 单位（如 12500 → ""12.5K""） |",MANUAL_REVIEW_WITH_REFERENCE
UA2-00270,docs/PRD-用户体系.md,source_section,,,,MANUAL_REVIEW
UA2-00271,docs/PRD-用户体系.md,source_section,,,,MANUAL_REVIEW
UA2-00272,docs/PRD-用户体系.md,source_section,,,,MANUAL_REVIEW
UA2-00273,docs/PRD-用户体系.md,source_section,,,,MANUAL_REVIEW
UA2-00274,docs/PRD-用户体系.md,source_section,0.448,241,| 单个用户 Key 数量上限 | `site_configs.max_keys_per_user`（默认 50 个）|,MANUAL_REVIEW_WITH_REFERENCE
UA2-00275,docs/PRD-用户体系.md,source_section;source_quote;atomic_assertion,,,,MANUAL_REVIEW
UA2-00276,docs/PRD-用户体系.md,source_section,,,,MANUAL_REVIEW
UA2-00277,docs/PRD-用户体系.md,source_section,,,,MANUAL_REVIEW
UA2-00278,docs/PRD-用户体系.md,source_section,,,,MANUAL_REVIEW
UA2-00279,docs/PRD-用户体系.md,source_section;source_quote;atomic_assertion,,,,MANUAL_REVIEW
UA2-00280,docs/PRD-用户体系.md,source_section,,,,MANUAL_REVIEW
UA2-00282,docs/PRD-用户体系.md,source_section,,,,MANUAL_REVIEW
UA2-00283,docs/PRD-用户体系.md,source_section,,,,MANUAL_REVIEW
UA2-00284,docs/PRD-用户体系.md,source_section,,,,MANUAL_REVIEW
UA2-00285,docs/PRD-用户体系.md,source_section,,,,MANUAL_REVIEW
UA2-00286,docs/PRD-用户体系.md,source_section,,,,MANUAL_REVIEW
UA2-00288,docs/PRD-用户体系.md,source_section,,,,MANUAL_REVIEW
UA2-00289,docs/PRD-用户体系.md,source_section;source_quote;atomic_assertion,,,,MANUAL_REVIEW
UA2-00290,docs/PRD-用户体系.md,source_section,,,,MANUAL_REVIEW
UA2-00291,docs/PRD-用户体系.md,source_section,,,,MANUAL_REVIEW
UA2-00292,docs/PRD-用户体系.md,source_section;source_quote;atomic_assertion,,,,MANUAL_REVIEW
UA2-00293,docs/PRD-用户体系.md,source_section;source_quote;atomic_assertion,,,,MANUAL_REVIEW
UA2-00294,docs/PRD-用户体系.md,source_section;source_quote;atomic_assertion,,,,MANUAL_REVIEW
UA2-00295,docs/PRD-用户体系.md,source_section,,,,MANUAL_REVIEW
UA2-00296,docs/PRD-用户体系.md,source_section;source_quote;atomic_assertion,,,,MANUAL_REVIEW
UA2-00297,docs/PRD-用户体系.md,source_section,,,,MANUAL_REVIEW
UA2-00298,docs/PRD-用户体系.md,source_section,,,,MANUAL_REVIEW
UA2-00299,docs/PRD-用户体系.md,source_section,,,,MANUAL_REVIEW
UA2-00300,docs/PRD-用户体系.md,source_section,,,,MANUAL_REVIEW
UA2-00301,docs/PRD-用户体系.md,source_section,,,,MANUAL_REVIEW
UA2-00302,docs/PRD-用户体系.md,source_section;source_quote;atomic_assertion,,,,MANUAL_REVIEW
UA2-00303,docs/PRD-用户体系.md,source_section,,,,MANUAL_REVIEW
UA2-00304,docs/PRD-用户体系.md,source_section;source_quote;atomic_assertion,,,,MANUAL_REVIEW
UA2-00305,docs/PRD-用户体系.md,source_section;source_quote;atomic_assertion,,,,MANUAL_REVIEW
UA2-00306,docs/PRD-用户体系.md,source_section,,,,MANUAL_REVIEW
UA2-00307,docs/PRD-用户体系.md,source_section,,,,MANUAL_REVIEW
UA2-00308,docs/PRD-用户体系.md,source_section,,,,MANUAL_REVIEW
UA2-00309,docs/PRD-用户体系.md,source_section,,,,MANUAL_REVIEW
UA2-00310,docs/PRD-用户体系.md,source_section,,,,MANUAL_REVIEW
UA2-00311,docs/PRD-用户体系.md,source_section,,,,MANUAL_REVIEW
UA2-00312,docs/PRD-用户体系.md,source_section,,,,MANUAL_REVIEW
UA2-00313,docs/PRD-用户体系.md,source_section,,,,MANUAL_REVIEW
UA2-00314,docs/PRD-用户体系.md,source_section,,,,MANUAL_REVIEW
UA2-00315,docs/PRD-用户体系.md,source_section,,,,MANUAL_REVIEW
UA2-00316,docs/PRD-用户体系.md,source_section,,,,MANUAL_REVIEW
UA2-00317,docs/PRD-用户体系.md,source_section,,,,MANUAL_REVIEW
UA2-00318,docs/PRD-用户体系.md,source_section,,,,MANUAL_REVIEW
UA2-00319,docs/PRD-用户体系.md,source_section,,,,MANUAL_REVIEW
UA2-00320,docs/PRD-用户体系.md,source_section,,,,MANUAL_REVIEW
UA2-00321,docs/PRD-用户体系.md,source_section,,,,MANUAL_REVIEW
UA2-00322,docs/PRD-用户体系.md,source_section,,,,MANUAL_REVIEW
UA2-00323,docs/PRD-用户体系.md,source_section,,,,MANUAL_REVIEW
UA2-00324,docs/PRD-用户体系.md,source_section,,,,MANUAL_REVIEW
UA2-00325,docs/PRD-用户体系.md,source_section,,,,MANUAL_REVIEW
UA2-00326,docs/PRD-用户体系.md,source_section;source_quote;atomic_assertion,,,,MANUAL_REVIEW
UA2-00327,docs/PRD-用户体系.md,source_section,,,,MANUAL_REVIEW
UA2-00328,docs/PRD-用户体系.md,source_section;source_quote;atomic_assertion,,,,MANUAL_REVIEW
UA2-00329,docs/PRD-用户体系.md,source_section,,,,MANUAL_REVIEW
UA2-00330,docs/PRD-用户体系.md,source_section,,,,MANUAL_REVIEW
UA2-00331,docs/PRD-用户体系.md,source_section;source_quote;atomic_assertion,,,,MANUAL_REVIEW
UA2-00332,docs/PRD-用户体系.md,source_section,,,,MANUAL_REVIEW
UA2-00333,docs/PRD-用户体系.md,source_section;source_quote;atomic_assertion,,,,MANUAL_REVIEW
UA2-00334,docs/PRD-用户体系.md,source_section,,,,MANUAL_REVIEW
UA2-00335,docs/PRD-用户体系.md,source_section,,,,MANUAL_REVIEW
UA2-00336,docs/PRD-用户体系.md,source_section,,,,MANUAL_REVIEW
UA2-00337,docs/PRD-用户体系.md,source_section,,,,MANUAL_REVIEW
UA2-00338,docs/PRD-用户体系.md,source_section,,,,MANUAL_REVIEW
UA2-00339,docs/PRD-用户体系.md,source_section,,,,MANUAL_REVIEW
UA2-00340,docs/PRD-用户体系.md,source_section,,,,MANUAL_REVIEW
UA2-00341,docs/PRD-用户体系.md,source_section,,,,MANUAL_REVIEW
UA2-00342,docs/PRD-用户体系.md,source_section,,,,MANUAL_REVIEW
UA2-00343,docs/PRD-用户体系.md,source_section,,,,MANUAL_REVIEW
UA2-00344,docs/PRD-用户体系.md,source_section,,,,MANUAL_REVIEW
UA2-00345,docs/PRD-用户体系.md,source_section;source_quote;atomic_assertion,,,,MANUAL_REVIEW
UA2-00346,docs/PRD-用户体系.md,source_section,,,,MANUAL_REVIEW
UA2-00347,docs/PRD-用户体系.md,source_section;source_quote;atomic_assertion,,,,MANUAL_REVIEW
UA2-00348,docs/PRD-用户体系.md,source_section,,,,MANUAL_REVIEW
UA2-00349,docs/PRD-用户体系.md,source_section,,,,MANUAL_REVIEW
UA2-00350,docs/PRD-用户体系.md,source_section,,,,MANUAL_REVIEW
UA2-00351,docs/PRD-用户体系.md,source_section,,,,MANUAL_REVIEW
UA2-00352,docs/PRD-用户体系.md,source_section;source_quote;atomic_assertion,,,,MANUAL_REVIEW
UA2-00353,docs/PRD-用户体系.md,source_section,,,,MANUAL_REVIEW
UA2-00354,docs/PRD-用户体系.md,source_section;source_quote;atomic_assertion,,,,MANUAL_REVIEW
UA2-00355,docs/PRD-用户体系.md,source_section,,,,MANUAL_REVIEW
UA2-00356,docs/PRD-用户体系.md,source_section,,,,MANUAL_REVIEW
UA2-00357,docs/PRD-用户体系.md,source_section,,,,MANUAL_REVIEW
UA2-00358,docs/PRD-用户体系.md,source_section,,,,MANUAL_REVIEW
UA2-00359,docs/PRD-用户体系.md,source_section,,,,MANUAL_REVIEW
UA2-00360,docs/PRD-用户体系.md,source_section,,,,MANUAL_REVIEW
UA2-00361,docs/PRD-用户体系.md,source_section,,,,MANUAL_REVIEW
UA2-00362,docs/PRD-用户体系.md,source_section,,,,MANUAL_REVIEW
UA2-00363,docs/PRD-用户体系.md,source_section,,,,MANUAL_REVIEW
UA2-00364,docs/PRD-用户体系.md,source_section;source_quote;atomic_assertion,,,,MANUAL_REVIEW
UA2-00365,docs/PRD-用户体系.md,source_section;source_quote;atomic_assertion,,,,MANUAL_REVIEW
UA2-00366,docs/PRD-用户体系.md,source_section,,,,MANUAL_REVIEW
UA2-00367,docs/PRD-用户体系.md,source_section,,,,MANUAL_REVIEW
UA2-00368,docs/PRD-用户体系.md,source_section,0.789,290;143;331,"## 2.7 充值 `/console/recharge` || 点击""充值""→ 跳转 /console/recharge || ## 2.9 兑换码 `/console/redemption`",MANUAL_REVIEW_WITH_REFERENCE
UA2-00369,docs/PRD-用户体系.md,source_section,,,,MANUAL_REVIEW
UA2-00370,docs/PRD-用户体系.md,source_section,,,,MANUAL_REVIEW
UA2-00372,docs/PRD-用户体系.md,source_section;source_quote;atomic_assertion,,,,MANUAL_REVIEW
UA2-00373,docs/PRD-用户体系.md,source_section,,,,MANUAL_REVIEW
UA2-00375,docs/PRD-用户体系.md,source_section,,,,MANUAL_REVIEW
UA2-00377,docs/PRD-用户体系.md,source_section,,,,MANUAL_REVIEW
UA2-00379,docs/PRD-用户体系.md,source_section,0.688,246;145;160,"## 2.5 调用日志 `/console/logs` || 点击""查看日志""→ 跳转 /console/logs || ## 2.3 模型中心 `/console/models`",MANUAL_REVIEW_WITH_REFERENCE
UA2-00381,docs/PRD-用户体系.md,source_section,,,,MANUAL_REVIEW
UA2-00382,docs/PRD-用户体系.md,source_section;source_quote;atomic_assertion,,,,MANUAL_REVIEW
UA2-00383,docs/PRD-用户体系.md,source_section,,,,MANUAL_REVIEW
UA2-00384,docs/PRD-用户体系.md,source_section;source_quote;atomic_assertion,,,,MANUAL_REVIEW
UA2-00385,docs/PRD-用户体系.md,source_section,,,,MANUAL_REVIEW
UA2-00386,docs/PRD-用户体系.md,source_section,,,,MANUAL_REVIEW
UA2-00387,docs/PRD-用户体系.md,source_section,,,,MANUAL_REVIEW
UA2-00388,docs/PRD-用户体系.md,source_section,,,,MANUAL_REVIEW
UA2-00389,docs/PRD-用户体系.md,source_section,,,,MANUAL_REVIEW
UA2-00390,docs/PRD-用户体系.md,source_section,,,,MANUAL_REVIEW
UA2-00391,docs/PRD-用户体系.md,source_section,,,,MANUAL_REVIEW
UA2-00392,docs/PRD-用户体系.md,source_section,,,,MANUAL_REVIEW
UA2-00393,docs/PRD-用户体系.md,source_section,,,,MANUAL_REVIEW
UA2-00394,docs/PRD-用户体系.md,source_section,,,,MANUAL_REVIEW
UA2-00395,docs/PRD-用户体系.md,source_section,,,,MANUAL_REVIEW
UA2-00396,docs/PRD-用户体系.md,source_section,,,,MANUAL_REVIEW
UA2-00397,docs/PRD-用户体系.md,source_section;source_quote;atomic_assertion,,,,MANUAL_REVIEW
UA2-00398,docs/PRD-用户体系.md,source_section,,,,MANUAL_REVIEW
UA2-00399,docs/PRD-用户体系.md,source_section,,,,MANUAL_REVIEW
UA2-00400,docs/PRD-用户体系.md,source_section,,,,MANUAL_REVIEW
UA2-00401,docs/PRD-用户体系.md,source_section,,,,MANUAL_REVIEW
UA2-00402,docs/PRD-用户体系.md,source_section,,,,MANUAL_REVIEW
UA2-00403,docs/PRD-用户体系.md,source_section,,,,MANUAL_REVIEW
UA2-00404,docs/PRD-用户体系.md,source_section,,,,MANUAL_REVIEW
UA2-00405,docs/PRD-用户体系.md,source_section,,,,MANUAL_REVIEW
UA2-00406,docs/PRD-用户体系.md,source_section,,,,MANUAL_REVIEW
UA2-00407,docs/PRD-用户体系.md,source_section,,,,MANUAL_REVIEW
UA2-00408,docs/PRD-用户体系.md,source_section,,,,MANUAL_REVIEW
UA2-00409,docs/PRD-用户体系.md,source_section,,,,MANUAL_REVIEW
UA2-00410,docs/PRD-用户体系.md,source_section,,,,MANUAL_REVIEW
UA2-00411,docs/PRD-用户体系.md,source_section,,,,MANUAL_REVIEW
UA2-00412,docs/PRD-用户体系.md,source_section,,,,MANUAL_REVIEW
UA2-00413,docs/PRD-用户体系.md,source_section,,,,MANUAL_REVIEW
UA2-00414,docs/PRD-用户体系.md,source_section;source_quote;atomic_assertion,,,,MANUAL_REVIEW
UA2-00415,docs/PRD-用户体系.md,source_section;source_quote;atomic_assertion,,,,MANUAL_REVIEW
UA2-00416,docs/PRD-用户体系.md,source_section;source_quote;atomic_assertion,,,,MANUAL_REVIEW
UA2-00417,docs/PRD-用户体系.md,source_section,,,,MANUAL_REVIEW
UA2-00418,docs/PRD-用户体系.md,source_section,,,,MANUAL_REVIEW
UA2-00419,docs/PRD-用户体系.md,source_section;source_quote;atomic_assertion,,,,MANUAL_REVIEW
UA2-00420,docs/PRD-用户体系.md,source_section;source_quote;atomic_assertion,,,,MANUAL_REVIEW
UA2-00421,docs/PRD-用户体系.md,source_section,,,,MANUAL_REVIEW
UA2-00422,docs/PRD-用户体系.md,source_section,,,,MANUAL_REVIEW
UA2-00423,docs/PRD-用户体系.md,source_section,,,,MANUAL_REVIEW
UA2-00424,docs/PRD-用户体系.md,source_section,,,,MANUAL_REVIEW
UA2-00425,docs/PRD-用户体系.md,source_section;source_quote;atomic_assertion,,,,MANUAL_REVIEW
UA2-00426,docs/PRD-用户体系.md,source_section,,,,MANUAL_REVIEW
UA2-00427,docs/PRD-用户体系.md,source_section;source_quote;atomic_assertion,,,,MANUAL_REVIEW
UA2-00428,docs/PRD-用户体系.md,source_section,,,,MANUAL_REVIEW
UA2-00429,docs/PRD-用户体系.md,source_section;source_quote;atomic_assertion,,,,MANUAL_REVIEW
UA2-00430,docs/PRD-用户体系.md,source_section,,,,MANUAL_REVIEW
UA2-00431,docs/PRD-用户体系.md,source_section,,,,MANUAL_REVIEW
UA2-00432,docs/PRD-用户体系.md,source_section;source_quote;atomic_assertion,,,,MANUAL_REVIEW
UA2-00433,docs/PRD-用户体系.md,source_section;source_quote;atomic_assertion,,,,MANUAL_REVIEW
UA2-00434,docs/PRD-用户体系.md,source_section,,,,MANUAL_REVIEW
UA2-00435,docs/PRD-用户体系.md,source_section;source_quote;atomic_assertion,,,,MANUAL_REVIEW
UA2-00436,docs/PRD-用户体系.md,source_section;source_quote;atomic_assertion,,,,MANUAL_REVIEW
UA2-00437,docs/PRD-用户体系.md,source_section,,,,MANUAL_REVIEW
UA2-00438,docs/PRD-用户体系.md,source_section;source_quote;atomic_assertion,,,,MANUAL_REVIEW
UA2-00439,docs/PRD-用户体系.md,source_section,,,,MANUAL_REVIEW
UA2-00440,docs/PRD-用户体系.md,source_section,,,,MANUAL_REVIEW
UA2-00441,docs/PRD-用户体系.md,source_section,,,,MANUAL_REVIEW
UA2-00442,docs/PRD-用户体系.md,source_section,,,,MANUAL_REVIEW
UA2-00443,docs/PRD-用户体系.md,source_section;source_quote;atomic_assertion,,,,MANUAL_REVIEW
UA2-00444,docs/PRD-用户体系.md,source_section,,,,MANUAL_REVIEW
UA2-00445,docs/PRD-用户体系.md,source_section,,,,MANUAL_REVIEW
UA2-00446,docs/PRD-用户体系.md,source_section,,,,MANUAL_REVIEW
UA2-00447,docs/PRD-用户体系.md,source_section;source_quote;atomic_assertion,,,,MANUAL_REVIEW
UA2-00448,docs/PRD-用户体系.md,source_section,,,,MANUAL_REVIEW
UA2-00449,docs/PRD-用户体系.md,source_section,,,,MANUAL_REVIEW
UA2-00450,docs/PRD-用户体系.md,source_section,,,,MANUAL_REVIEW
UA2-00452,docs/PRD-用户体系.md,source_section,,,,MANUAL_REVIEW
UA2-00453,docs/PRD-用户体系.md,source_section,,,,MANUAL_REVIEW
UA2-00454,docs/PRD-用户体系.md,source_section,,,,MANUAL_REVIEW
UA2-00456,docs/PRD-用户体系.md,source_section,,,,MANUAL_REVIEW
UA2-00457,docs/PRD-用户体系.md,source_section,,,,MANUAL_REVIEW
UA2-00458,docs/PRD-用户体系.md,source_section;source_quote;atomic_assertion,,,,MANUAL_REVIEW
UA2-00459,docs/PRD-用户体系.md,source_section,,,,MANUAL_REVIEW
UA2-00460,docs/PRD-用户体系.md,source_section,,,,MANUAL_REVIEW
UA2-00461,docs/PRD-用户体系.md,source_section,,,,MANUAL_REVIEW
UA2-00463,docs/PRD-用户体系.md,source_section,,,,MANUAL_REVIEW
UA2-00464,docs/PRD-用户体系.md,source_section,,,,MANUAL_REVIEW
UA2-00465,docs/PRD-用户体系.md,source_section,,,,MANUAL_REVIEW
UA2-00466,docs/PRD-用户体系.md,source_section,,,,MANUAL_REVIEW
UA2-00467,docs/PRD-用户体系.md,source_section,,,,MANUAL_REVIEW
UA2-00468,docs/PRD-用户体系.md,source_section;source_quote;atomic_assertion,,,,MANUAL_REVIEW
UA2-00469,docs/PRD-用户体系.md,source_section,,,,MANUAL_REVIEW
UA2-00470,docs/PRD-用户体系.md,source_section,,,,MANUAL_REVIEW
UA2-00471,docs/PRD-用户体系.md,source_section,,,,MANUAL_REVIEW
UA2-00472,docs/PRD-用户体系.md,source_section,,,,MANUAL_REVIEW
UA2-00473,docs/PRD-用户体系.md,source_section,,,,MANUAL_REVIEW
UA2-00474,docs/PRD-用户体系.md,source_section,,,,MANUAL_REVIEW
UA2-00475,docs/PRD-用户体系.md,source_section,,,,MANUAL_REVIEW
UA2-00476,docs/PRD-用户体系.md,source_section,,,,MANUAL_REVIEW
UA2-00477,docs/PRD-用户体系.md,source_section,,,,MANUAL_REVIEW
UA2-00478,docs/PRD-用户体系.md,source_section;source_quote;atomic_assertion,,,,MANUAL_REVIEW
UA2-00479,docs/PRD-用户体系.md,source_section,,,,MANUAL_REVIEW
UA2-00480,docs/PRD-用户体系.md,source_section,,,,MANUAL_REVIEW
UA2-00481,docs/PRD-用户体系.md,source_section,,,,MANUAL_REVIEW
UA2-00482,docs/PRD-用户体系.md,source_section,,,,MANUAL_REVIEW
UA2-00483,docs/PRD-用户体系.md,source_section,,,,MANUAL_REVIEW
UA2-00484,docs/PRD-用户体系.md,source_section,,,,MANUAL_REVIEW
UA2-00485,docs/PRD-用户体系.md,source_section;source_quote;atomic_assertion,,,,MANUAL_REVIEW
UA2-00486,docs/PRD-用户体系.md,source_section,,,,MANUAL_REVIEW
UA2-00487,docs/PRD-用户体系.md,source_section,,,,MANUAL_REVIEW
UA2-00488,docs/PRD-用户体系.md,source_section,,,,MANUAL_REVIEW
UA2-00489,docs/PRD-用户体系.md,source_section,,,,MANUAL_REVIEW
UA2-00490,docs/PRD-用户体系.md,source_section;source_quote;atomic_assertion,,,,MANUAL_REVIEW
UA2-00491,docs/PRD-用户体系.md,source_section,,,,MANUAL_REVIEW
UA2-00492,docs/PRD-用户体系.md,source_section,,,,MANUAL_REVIEW
UA2-00493,docs/PRD-用户体系.md,source_section,,,,MANUAL_REVIEW
UA2-00494,docs/PRD-用户体系.md,source_section;source_quote;atomic_assertion,,,,MANUAL_REVIEW
UA2-00495,docs/PRD-用户体系.md,source_section,,,,MANUAL_REVIEW
UA2-00496,docs/PRD-用户体系.md,source_section,,,,MANUAL_REVIEW
UA2-00497,docs/PRD-用户体系.md,source_section,,,,MANUAL_REVIEW
UA2-00498,docs/PRD-用户体系.md,source_section,,,,MANUAL_REVIEW
UA2-00499,docs/PRD-用户体系.md,source_section,,,,MANUAL_REVIEW
UA2-00500,docs/PRD-用户体系.md,source_section;source_quote;atomic_assertion,,,,MANUAL_REVIEW
UA2-00501,docs/PRD-用户体系.md,source_section,,,,MANUAL_REVIEW
UA2-00502,docs/PRD-用户体系.md,source_section,,,,MANUAL_REVIEW
UA2-00503,docs/PRD-用户体系.md,source_section,,,,MANUAL_REVIEW
UA2-00504,docs/PRD-用户体系.md,source_section;source_quote;atomic_assertion,,,,MANUAL_REVIEW
UA2-00505,docs/PRD-用户体系.md,source_section,,,,MANUAL_REVIEW
UA2-00506,docs/PRD-用户体系.md,source_section,,,,MANUAL_REVIEW
UA2-00513,docs/PRD-用户体系.md,source_quote;atomic_assertion,,,,MANUAL_REVIEW
UA2-00525,docs/PRD-用户体系.md,source_quote;atomic_assertion,,,,MANUAL_REVIEW
UA2-00529,docs/PRD-用户体系.md,source_quote;atomic_assertion,,,,MANUAL_REVIEW
UA2-00546,docs/PRD-用户体系.md,source_quote;atomic_assertion,,,,MANUAL_REVIEW
UA2-00557,docs/PRD-用户体系.md,source_quote;atomic_assertion,,,,MANUAL_REVIEW
UA2-00564,docs/PRD-用户体系.md,source_quote;atomic_assertion,,,,MANUAL_REVIEW
UA2-00566,docs/PRD-用户体系.md,source_quote;atomic_assertion,,,,MANUAL_REVIEW
UA2-00587,docs/PRD-用户体系.md,source_quote;atomic_assertion,,,,MANUAL_REVIEW
UA2-00589,docs/PRD-用户体系.md,source_quote;atomic_assertion,,,,MANUAL_REVIEW
UA2-00595,docs/PRD-用户体系.md,source_quote;atomic_assertion,,,,MANUAL_REVIEW
UA2-00606,docs/PRD-用户体系.md,source_quote;atomic_assertion,,,,MANUAL_REVIEW
UA2-00612,docs/PRD-用户体系.md,source_quote;atomic_assertion,,,,MANUAL_REVIEW
UA2-00644,docs/PRD-用户体系.md,source_quote;atomic_assertion,,,,MANUAL_REVIEW
UA2-00653,docs/PRD-用户体系.md,source_quote;atomic_assertion,,,,MANUAL_REVIEW
UA2-00656,docs/PRD-用户体系.md,source_quote;atomic_assertion,,,,MANUAL_REVIEW
UA2-00657,docs/PRD-用户体系.md,source_quote;atomic_assertion,,,,MANUAL_REVIEW
UA2-00658,docs/PRD-用户体系.md,source_quote;atomic_assertion,,,,MANUAL_REVIEW
UA2-00666,docs/PRD-用户体系.md,source_quote;atomic_assertion,,,,MANUAL_REVIEW
UA2-00668,docs/PRD-用户体系.md,source_quote;atomic_assertion,,,,MANUAL_REVIEW
UA2-00673,docs/PRD-用户体系.md,source_quote;atomic_assertion,,,,MANUAL_REVIEW
UA2-00677,docs/PRD-用户体系.md,source_quote;atomic_assertion,,,,MANUAL_REVIEW
UA2-00679,docs/PRD-用户体系.md,source_quote;atomic_assertion,,,,MANUAL_REVIEW
UA2-00680,docs/PRD-用户体系.md,source_section,,,,MANUAL_REVIEW
UA2-00681,docs/PRD-用户体系.md,source_section,,,,MANUAL_REVIEW
UA2-00682,docs/PRD-用户体系.md,source_section;source_quote;atomic_assertion,,,,MANUAL_REVIEW
UA2-00683,docs/PRD-用户体系.md,source_section,,,,MANUAL_REVIEW
UA2-00684,docs/PRD-用户体系.md,source_section,,,,MANUAL_REVIEW
UA2-00685,docs/PRD-用户体系.md,source_section,,,,MANUAL_REVIEW
UA2-00686,docs/PRD-用户体系.md,source_section,,,,MANUAL_REVIEW
UA2-00687,docs/PRD-用户体系.md,source_section,,,,MANUAL_REVIEW
UA2-00688,docs/PRD-用户体系.md,source_section,,,,MANUAL_REVIEW
UA2-00689,docs/PRD-用户体系.md,source_section,,,,MANUAL_REVIEW
UA2-00690,docs/PRD-用户体系.md,source_section;source_quote;atomic_assertion,,,,MANUAL_REVIEW
UA2-00691,docs/PRD-用户体系.md,source_section;source_quote;atomic_assertion,,,,MANUAL_REVIEW
UA2-00692,docs/PRD-用户体系.md,source_section;source_quote;atomic_assertion,,,,MANUAL_REVIEW
UA2-00693,docs/PRD-用户体系.md,source_section,,,,MANUAL_REVIEW
UA2-00694,docs/PRD-用户体系.md,source_section,,,,MANUAL_REVIEW
UA2-00695,docs/PRD-用户体系.md,source_section,,,,MANUAL_REVIEW
UA2-00696,docs/PRD-用户体系.md,source_section,,,,MANUAL_REVIEW
UA2-00697,docs/PRD-用户体系.md,source_section,,,,MANUAL_REVIEW
UA2-00698,docs/PRD-用户体系.md,source_section,,,,MANUAL_REVIEW
UA2-00699,docs/PRD-用户体系.md,source_section,,,,MANUAL_REVIEW
UA2-00700,docs/PRD-用户体系.md,source_section;source_quote;atomic_assertion,,,,MANUAL_REVIEW
UA2-00701,docs/PRD-用户体系.md,source_section,,,,MANUAL_REVIEW
UA2-00703,docs/PRD-用户体系.md,source_section,,,,MANUAL_REVIEW
UA2-00704,docs/PRD-用户体系.md,source_section,,,,MANUAL_REVIEW
UA2-00706,docs/PRD-用户体系.md,source_section;source_quote;atomic_assertion,,,,MANUAL_REVIEW
UA2-00707,docs/PRD-用户体系.md,source_section,,,,MANUAL_REVIEW
UA2-00708,docs/PRD-用户体系.md,source_quote;atomic_assertion,,,,MANUAL_REVIEW
UA2-00726,docs/PRD-用户体系.md,source_quote;atomic_assertion,,,,MANUAL_REVIEW
UA2-00738,docs/PRD-用户体系.md,source_quote;atomic_assertion,,,,MANUAL_REVIEW
UA2-00744,docs/PRD-用户体系.md,source_quote;atomic_assertion,0.429,513,上游：用户设置 → 更新 users 表 / user_preferences 表,MANUAL_REVIEW_WITH_REFERENCE
UA2-00751,docs/PRD-用户体系.md,source_quote;atomic_assertion,,,,MANUAL_REVIEW
UA2-00753,docs/PRD-用户体系.md,source_quote;atomic_assertion,,,,MANUAL_REVIEW
UA2-00772,docs/PRD-用户体系.md,source_quote;atomic_assertion,,,,MANUAL_REVIEW
UA2-00782,docs/PRD-用户体系.md,source_quote;atomic_assertion,,,,MANUAL_REVIEW
UA2-00784,docs/PRD-用户体系.md,source_quote;atomic_assertion,,,,MANUAL_REVIEW
UA2-00787,docs/PRD-用户体系.md,source_quote;atomic_assertion,,,,MANUAL_REVIEW
UA2-00788,docs/PRD-用户体系.md,source_quote;atomic_assertion,,,,MANUAL_REVIEW
UA2-00791,docs/PRD-用户体系.md,source_quote;atomic_assertion,,,,MANUAL_REVIEW
UA2-00811,docs/PRD-用户体系.md,source_quote;atomic_assertion,,,,MANUAL_REVIEW
UA2-00814,docs/PRD-用户体系.md,source_quote;atomic_assertion,,,,MANUAL_REVIEW
UA2-00815,docs/PRD-用户体系.md,source_quote;atomic_assertion,,,,MANUAL_REVIEW
UA2-00817,docs/PRD-用户体系.md,source_quote;atomic_assertion,,,,MANUAL_REVIEW
UA2-00820,docs/PRD-用户体系.md,source_quote;atomic_assertion,,,,MANUAL_REVIEW
UA2-00828,docs/PRD-用户体系.md,source_quote;atomic_assertion,,,,MANUAL_REVIEW
UA2-00837,docs/PRD-用户体系.md,source_quote;atomic_assertion,,,,MANUAL_REVIEW
UA2-00871,docs/PRD-用户体系.md,source_quote;atomic_assertion,,,,MANUAL_REVIEW
UA2-00874,docs/PRD-用户体系.md,source_quote;atomic_assertion,,,,MANUAL_REVIEW
UA2-00883,docs/PRD-用户体系.md,source_quote;atomic_assertion,,,,MANUAL_REVIEW
UA2-00889,docs/PRD-用户体系.md,source_quote;atomic_assertion,,,,MANUAL_REVIEW
UA2-00892,docs/PRD-用户体系.md,source_quote;atomic_assertion,,,,MANUAL_REVIEW
UA2-00899,docs/PRD-用户体系.md,source_quote;atomic_assertion,,,,MANUAL_REVIEW
