req_id,source_section,bad_fields,reversible_source_lines,status
UA2-00001,2.1 瑙掕壊涓庢潈闄愪綋绯|,source_quote;atomic_assertion,,MANUAL_REVIEW
UA2-00004,2.1.1 瑙掕壊鐭╅樀,source_quote;atomic_assertion,,MANUAL_REVIEW
UA2-00009,2.1.1 瑙掕壊鐭╅樀,source_quote;atomic_assertion,,MANUAL_REVIEW
UA2-00044,2.1.1 瑙掕壊鐭╅樀,source_quote;atomic_assertion,,MANUAL_REVIEW
UA2-00049,2.1.1 瑙掕壊鐭╅樀,source_quote;atomic_assertion,,MANUAL_REVIEW
UA2-00052,2.1.2 鏉冮檺寮曟搸瑙勬牸,source_quote;atomic_assertion,23:gb18030->utf8 x1,CANDIDATE
UA2-00078,2.1.2 鏉冮檺寮曟搸瑙勬牸,source_quote;atomic_assertion,35:gb18030->utf8 x1;93:gb18030->utf8 x1,CANDIDATE
UA2-00083,2.1.2 鏉冮檺寮曟搸瑙勬牸,source_quote;atomic_assertion,,MANUAL_REVIEW
UA2-00102,2.1.2 鏉冮檺寮曟搸瑙勬牸,source_quote;atomic_assertion,,MANUAL_REVIEW
UA2-00103,2.1.2 鏉冮檺寮曟搸瑙勬牸,source_quote;atomic_assertion,,MANUAL_REVIEW
UA2-00104,2.1.2 鏉冮檺寮曟搸瑙勬牸,source_quote;atomic_assertion,,MANUAL_REVIEW
UA2-00113,2.1.2 鏉冮檺寮曟搸瑙勬牸,source_quote;atomic_assertion,,MANUAL_REVIEW
UA2-00116,2.1.2 鏉冮檺寮曟搸瑙勬牸,source_quote;atomic_assertion,,MANUAL_REVIEW
UA2-00117,2.1.2 鏉冮檺寮曟搸瑙勬牸,source_quote;atomic_assertion,,MANUAL_REVIEW
UA2-00136,2.1.3 澶氱鐞嗗憳鍗忎綔涓庢搷浣滃璁|,source_quote;atomic_assertion,,MANUAL_REVIEW
UA2-00156,2.1.3 澶氱鐞嗗憳鍗忎綔涓庢搷浣滃璁|,source_quote;atomic_assertion,,MANUAL_REVIEW
UA2-00158,2.1.3 澶氱鐞嗗憳鍗忎綔涓庢搷浣滃璁|,source_quote;atomic_assertion,,MANUAL_REVIEW
UA2-00168,2.1.3 澶氱鐞嗗憳鍗忎綔涓庢搷浣滃璁|,source_quote;atomic_assertion,,MANUAL_REVIEW
UA2-00169,2.1.3 澶氱鐞嗗憳鍗忎綔涓庢搷浣滃璁|,source_quote;atomic_assertion,,MANUAL_REVIEW
UA2-00170,2.2 鐢ㄦ埛绔姛鑳借鏍|,source_quote;atomic_assertion,,MANUAL_REVIEW
UA2-00171,鍖哄煙 1锛氭杩庡崱鐗|,source_section,,MANUAL_REVIEW
UA2-00172,鍖哄煙 1锛氭杩庡崱鐗|,source_section,,MANUAL_REVIEW
UA2-00173,鍖哄煙 1锛氭杩庡崱鐗|,source_section,,MANUAL_REVIEW
UA2-00174,鍖哄煙 1锛氭杩庡崱鐗|,source_section,,MANUAL_REVIEW
UA2-00175,鍖哄煙 1锛氭杩庡崱鐗|,source_section,,MANUAL_REVIEW
UA2-00176,鍖哄煙 1锛氭杩庡崱鐗|,source_section,,MANUAL_REVIEW
UA2-00177,鍖哄煙 1锛氭杩庡崱鐗|,source_section,,MANUAL_REVIEW
UA2-00178,鍖哄煙 1锛氭杩庡崱鐗|,source_section,,MANUAL_REVIEW
UA2-00179,鍖哄煙 1锛氭杩庡崱鐗|,source_section,,MANUAL_REVIEW
UA2-00181,鍖哄煙 1锛氭杩庡崱鐗|,source_section,,MANUAL_REVIEW
UA2-00182,鍖哄煙 1锛氭杩庡崱鐗|,source_section,,MANUAL_REVIEW
UA2-00184,鍖哄煙 1锛氭杩庡崱鐗|,source_section,,MANUAL_REVIEW
UA2-00186,鍖哄煙 1锛氭杩庡崱鐗|,source_section,,MANUAL_REVIEW
UA2-00187,鍖哄煙 1锛氭杩庡崱鐗|,source_section,,MANUAL_REVIEW
UA2-00188,鍖哄煙 1锛氭杩庡崱鐗|,source_section,,MANUAL_REVIEW
UA2-00189,鍖哄煙 1锛氭杩庡崱鐗|,source_section,,MANUAL_REVIEW
UA2-00190,鍖哄煙 1锛氭杩庡崱鐗|,source_section,,MANUAL_REVIEW
UA2-00191,鍖哄煙 1锛氭杩庡崱鐗|,source_section,,MANUAL_REVIEW
UA2-00192,鍖哄煙 1锛氭杩庡崱鐗|,source_section,,MANUAL_REVIEW
UA2-00193,鍖哄煙 1锛氭杩庡崱鐗|,source_section,,MANUAL_REVIEW
UA2-00194,鍖哄煙 1锛氭杩庡崱鐗|,source_section;source_quote;atomic_assertion,,MANUAL_REVIEW
UA2-00195,鍖哄煙 1锛氭杩庡崱鐗|,source_section,,MANUAL_REVIEW
UA2-00196,鍖哄煙 1锛氭杩庡崱鐗|,source_section,,MANUAL_REVIEW
UA2-00197,鍖哄煙 1锛氭杩庡崱鐗|,source_section,,MANUAL_REVIEW
UA2-00198,鍖哄煙 1锛氭杩庡崱鐗|,source_section,,MANUAL_REVIEW
UA2-00199,鍖哄煙 1锛氭杩庡崱鐗|,source_section,,MANUAL_REVIEW
UA2-00200,鍖哄煙 1锛氭杩庡崱鐗|,source_section,,MANUAL_REVIEW
UA2-00201,鍖哄煙 1锛氭杩庡崱鐗|,source_section,,MANUAL_REVIEW
UA2-00202,鍖哄煙 1锛氭杩庡崱鐗|,source_section,,MANUAL_REVIEW
UA2-00204,鍖哄煙 1锛氭杩庡崱鐗|,source_section,,MANUAL_REVIEW
UA2-00206,鍖哄煙 1锛氭杩庡崱鐗|,source_section,,MANUAL_REVIEW
UA2-00207,鍖哄煙 1锛氭杩庡崱鐗|,source_section,,MANUAL_REVIEW
UA2-00208,鍖哄煙 1锛氭杩庡崱鐗|,source_section,,MANUAL_REVIEW
UA2-00209,鍖哄煙 1锛氭杩庡崱鐗|,source_section,,MANUAL_REVIEW
UA2-00211,鍖哄煙 1锛氭杩庡崱鐗|,source_section,,MANUAL_REVIEW
UA2-00212,鍖哄煙 1锛氭杩庡崱鐗|,source_section,,MANUAL_REVIEW
UA2-00214,鍖哄煙 1锛氭杩庡崱鐗|,source_section,,MANUAL_REVIEW
UA2-00216,鍖哄煙 1锛氭杩庡崱鐗|,source_section,,MANUAL_REVIEW
UA2-00218,鍖哄煙 1锛氭杩庡崱鐗|,source_section,,MANUAL_REVIEW
UA2-00220,鍖哄煙 1锛氭杩庡崱鐗|,source_section,,MANUAL_REVIEW
UA2-00221,鍖哄煙 1锛氭杩庡崱鐗|,source_section,,MANUAL_REVIEW
UA2-00222,鍖哄煙 1锛氭杩庡崱鐗|,source_section,,MANUAL_REVIEW
UA2-00223,鍖哄煙 1锛氭杩庡崱鐗|,source_section,,MANUAL_REVIEW
UA2-00224,鍖哄煙 1锛氭杩庡崱鐗|,source_section,,MANUAL_REVIEW
UA2-00225,鍖哄煙 1锛氭杩庡崱鐗|,source_section,,MANUAL_REVIEW
UA2-00226,鍖哄煙 1锛氭杩庡崱鐗|,source_section,,MANUAL_REVIEW
UA2-00227,鍖哄煙 1锛氭杩庡崱鐗|,source_section,,MANUAL_REVIEW
UA2-00228,鍖哄煙 1锛氭杩庡崱鐗|,source_section,,MANUAL_REVIEW
UA2-00229,鍖哄煙 1锛氭杩庡崱鐗|,source_section,,MANUAL_REVIEW
UA2-00230,鍖哄煙 1锛氭杩庡崱鐗|,source_section,,MANUAL_REVIEW
UA2-00231,鍖哄煙 1锛氭杩庡崱鐗|,source_section,,MANUAL_REVIEW
UA2-00232,鍖哄煙 1锛氭杩庡崱鐗|,source_section,,MANUAL_REVIEW
UA2-00233,鍖哄煙 1锛氭杩庡崱鐗|,source_section,,MANUAL_REVIEW
UA2-00234,鍖哄煙 1锛氭杩庡崱鐗|,source_section,,MANUAL_REVIEW
UA2-00235,鍖哄煙 1锛氭杩庡崱鐗|,source_section,,MANUAL_REVIEW
UA2-00236,鍖哄煙 1锛氭杩庡崱鐗|,source_section,,MANUAL_REVIEW
UA2-00237,鍖哄煙 1锛氭杩庡崱鐗|,source_section,,MANUAL_REVIEW
UA2-00238,鍖哄煙 1锛氭杩庡崱鐗|,source_section;source_quote;atomic_assertion,,MANUAL_REVIEW
UA2-00239,鍖哄煙 1锛氭杩庡崱鐗|,source_section;source_quote;atomic_assertion,,MANUAL_REVIEW
UA2-00240,鍖哄煙 1锛氭杩庡崱鐗|,source_section,,MANUAL_REVIEW
UA2-00241,鍖哄煙 1锛氭杩庡崱鐗|,source_section,,MANUAL_REVIEW
UA2-00242,鍖哄煙 1锛氭杩庡崱鐗|,source_section,,MANUAL_REVIEW
UA2-00243,鍖哄煙 1锛氭杩庡崱鐗|,source_section;source_quote;atomic_assertion,,MANUAL_REVIEW
UA2-00244,鍖哄煙 2锛氭牳蹇冩寚鏍囧崱鐗|,source_section,,MANUAL_REVIEW
UA2-00245,鍖哄煙 2锛氭牳蹇冩寚鏍囧崱鐗|,source_section,,MANUAL_REVIEW
UA2-00246,鍖哄煙 2锛氭牳蹇冩寚鏍囧崱鐗|,source_section,,MANUAL_REVIEW
UA2-00247,鍖哄煙 2锛氭牳蹇冩寚鏍囧崱鐗|,source_section,,MANUAL_REVIEW
UA2-00248,鍖哄煙 2锛氭牳蹇冩寚鏍囧崱鐗|,source_section,,MANUAL_REVIEW
UA2-00249,鍖哄煙 2锛氭牳蹇冩寚鏍囧崱鐗|,source_section,,MANUAL_REVIEW
UA2-00250,鍖哄煙 2锛氭牳蹇冩寚鏍囧崱鐗|,source_section,,MANUAL_REVIEW
UA2-00251,鍖哄煙 2锛氭牳蹇冩寚鏍囧崱鐗|,source_section,,MANUAL_REVIEW
UA2-00252,鍖哄煙 2锛氭牳蹇冩寚鏍囧崱鐗|,source_section,,MANUAL_REVIEW
UA2-00254,鍖哄煙 2锛氭牳蹇冩寚鏍囧崱鐗|,source_section,,MANUAL_REVIEW
UA2-00255,鍖哄煙 2锛氭牳蹇冩寚鏍囧崱鐗|,source_section,,MANUAL_REVIEW
UA2-00256,鍖哄煙 2锛氭牳蹇冩寚鏍囧崱鐗|,source_section,,MANUAL_REVIEW
UA2-00257,鍖哄煙 2锛氭牳蹇冩寚鏍囧崱鐗|,source_section,,MANUAL_REVIEW
UA2-00259,鍖哄煙 2锛氭牳蹇冩寚鏍囧崱鐗|,source_section,,MANUAL_REVIEW
UA2-00260,鍖哄煙 2锛氭牳蹇冩寚鏍囧崱鐗|,source_section,,MANUAL_REVIEW
UA2-00261,鍖哄煙 2锛氭牳蹇冩寚鏍囧崱鐗|,source_section,,MANUAL_REVIEW
UA2-00262,鍖哄煙 2锛氭牳蹇冩寚鏍囧崱鐗|,source_section,,MANUAL_REVIEW
UA2-00263,鍖哄煙 2锛氭牳蹇冩寚鏍囧崱鐗|,source_section,,MANUAL_REVIEW
UA2-00264,鍖哄煙 2锛氭牳蹇冩寚鏍囧崱鐗|,source_section,,MANUAL_REVIEW
UA2-00265,鍖哄煙 2锛氭牳蹇冩寚鏍囧崱鐗|,source_section,,MANUAL_REVIEW
UA2-00266,鍖哄煙 2锛氭牳蹇冩寚鏍囧崱鐗|,source_section,,MANUAL_REVIEW
UA2-00267,鍖哄煙 2锛氭牳蹇冩寚鏍囧崱鐗|,source_section;source_quote;atomic_assertion,186:gb18030->utf8 x1,CANDIDATE
UA2-00268,鍖哄煙 2锛氭牳蹇冩寚鏍囧崱鐗|,source_section;source_quote;atomic_assertion,,MANUAL_REVIEW
UA2-00269,鍖哄煙 2锛氭牳蹇冩寚鏍囧崱鐗|,source_section;source_quote;atomic_assertion,,MANUAL_REVIEW
UA2-00270,鍖哄煙 2锛氭牳蹇冩寚鏍囧崱鐗|,source_section,,MANUAL_REVIEW
UA2-00271,鍖哄煙 2锛氭牳蹇冩寚鏍囧崱鐗|,source_section,,MANUAL_REVIEW
UA2-00272,鍖哄煙 2锛氭牳蹇冩寚鏍囧崱鐗|,source_section,,MANUAL_REVIEW
UA2-00273,鍖哄煙 2锛氭牳蹇冩寚鏍囧崱鐗|,source_section,,MANUAL_REVIEW
UA2-00274,鍖哄煙 2锛氭牳蹇冩寚鏍囧崱鐗|,source_section,,MANUAL_REVIEW
UA2-00275,鍖哄煙 2锛氭牳蹇冩寚鏍囧崱鐗|,source_section;source_quote;atomic_assertion,,MANUAL_REVIEW
UA2-00276,鍖哄煙 3锛氶搴︿娇鐢ㄨ繘搴︽潯,source_section,,MANUAL_REVIEW
UA2-00277,鍖哄煙 3锛氶搴︿娇鐢ㄨ繘搴︽潯,source_section,,MANUAL_REVIEW
UA2-00278,鍖哄煙 3锛氶搴︿娇鐢ㄨ繘搴︽潯,source_section,,MANUAL_REVIEW
UA2-00279,鍖哄煙 3锛氶搴︿娇鐢ㄨ繘搴︽潯,source_section;source_quote;atomic_assertion,,MANUAL_REVIEW
UA2-00280,鍖哄煙 3锛氶搴︿娇鐢ㄨ繘搴︽潯,source_section,,MANUAL_REVIEW
UA2-00282,鍖哄煙 3锛氶搴︿娇鐢ㄨ繘搴︽潯,source_section,,MANUAL_REVIEW
UA2-00283,鍖哄煙 3锛氶搴︿娇鐢ㄨ繘搴︽潯,source_section,,MANUAL_REVIEW
UA2-00284,鍖哄煙 3锛氶搴︿娇鐢ㄨ繘搴︽潯,source_section,,MANUAL_REVIEW
UA2-00285,鍖哄煙 3锛氶搴︿娇鐢ㄨ繘搴︽潯,source_section,,MANUAL_REVIEW
UA2-00286,鍖哄煙 3锛氶搴︿娇鐢ㄨ繘搴︽潯,source_section,,MANUAL_REVIEW
UA2-00288,鍖哄煙 3锛氶搴︿娇鐢ㄨ繘搴︽潯,source_section,,MANUAL_REVIEW
UA2-00289,鍖哄煙 3锛氶搴︿娇鐢ㄨ繘搴︽潯,source_section;source_quote;atomic_assertion,,MANUAL_REVIEW
UA2-00290,鍖哄煙 3锛氶搴︿娇鐢ㄨ繘搴︽潯,source_section,,MANUAL_REVIEW
UA2-00291,鍖哄煙 3锛氶搴︿娇鐢ㄨ繘搴︽潯,source_section,,MANUAL_REVIEW
UA2-00292,鍖哄煙 3锛氶搴︿娇鐢ㄨ繘搴︽潯,source_section;source_quote;atomic_assertion,,MANUAL_REVIEW
UA2-00293,鍖哄煙 3锛氶搴︿娇鐢ㄨ繘搴︽潯,source_section;source_quote;atomic_assertion,,MANUAL_REVIEW
UA2-00294,鍖哄煙 3锛氶搴︿娇鐢ㄨ繘搴︽潯,source_section;source_quote;atomic_assertion,,MANUAL_REVIEW
UA2-00295,鍖哄煙 3锛氶搴︿娇鐢ㄨ繘搴︽潯,source_section,,MANUAL_REVIEW
UA2-00296,鍖哄煙 3锛氶搴︿娇鐢ㄨ繘搴︽潯,source_section;source_quote;atomic_assertion,229:gb18030->utf8 x1,CANDIDATE
UA2-00297,鍖哄煙 3锛氶搴︿娇鐢ㄨ繘搴︽潯,source_section,,MANUAL_REVIEW
UA2-00298,鍖哄煙 4锛氱敤閲忔€昏灞曞紑闈㈡澘,source_section,,MANUAL_REVIEW
UA2-00299,鍖哄煙 4锛氱敤閲忔€昏灞曞紑闈㈡澘,source_section,,MANUAL_REVIEW
UA2-00300,鍖哄煙 4锛氱敤閲忔€昏灞曞紑闈㈡澘,source_section,,MANUAL_REVIEW
UA2-00301,鍖哄煙 4锛氱敤閲忔€昏灞曞紑闈㈡澘,source_section,,MANUAL_REVIEW
UA2-00302,鍖哄煙 4锛氱敤閲忔€昏灞曞紑闈㈡澘,source_section;source_quote;atomic_assertion,,MANUAL_REVIEW
UA2-00303,鍖哄煙 4锛氱敤閲忔€昏灞曞紑闈㈡澘,source_section,,MANUAL_REVIEW
UA2-00304,鍖哄煙 4锛氱敤閲忔€昏灞曞紑闈㈡澘,source_section;source_quote;atomic_assertion,,MANUAL_REVIEW
UA2-00305,鍖哄煙 4锛氱敤閲忔€昏灞曞紑闈㈡澘,source_section;source_quote;atomic_assertion,,MANUAL_REVIEW
UA2-00306,鍖哄煙 4锛氱敤閲忔€昏灞曞紑闈㈡澘,source_section,,MANUAL_REVIEW
UA2-00307,鍖哄煙 4锛氱敤閲忔€昏灞曞紑闈㈡澘,source_section,,MANUAL_REVIEW
UA2-00308,鍖哄煙 4锛氱敤閲忔€昏灞曞紑闈㈡澘,source_section,,MANUAL_REVIEW
UA2-00309,鍖哄煙 4锛氱敤閲忔€昏灞曞紑闈㈡澘,source_section,,MANUAL_REVIEW
UA2-00310,鍖哄煙 5锛歍oken 娑堣€楄秼鍔垮浘,source_section,,MANUAL_REVIEW
UA2-00311,鍖哄煙 5锛歍oken 娑堣€楄秼鍔垮浘,source_section,1088:gb18030->utf8 x1,CANDIDATE
UA2-00312,鍖哄煙 5锛歍oken 娑堣€楄秼鍔垮浘,source_section,,MANUAL_REVIEW
UA2-00313,鍖哄煙 5锛歍oken 娑堣€楄秼鍔垮浘,source_section,,MANUAL_REVIEW
UA2-00314,鍖哄煙 5锛歍oken 娑堣€楄秼鍔垮浘,source_section,,MANUAL_REVIEW
UA2-00315,鍖哄煙 5锛歍oken 娑堣€楄秼鍔垮浘,source_section,,MANUAL_REVIEW
UA2-00316,鍖哄煙 5锛歍oken 娑堣€楄秼鍔垮浘,source_section,,MANUAL_REVIEW
UA2-00317,鍖哄煙 5锛歍oken 娑堣€楄秼鍔垮浘,source_section,,MANUAL_REVIEW
UA2-00318,鍖哄煙 5锛歍oken 娑堣€楄秼鍔垮浘,source_section,,MANUAL_REVIEW
UA2-00319,鍖哄煙 5锛歍oken 娑堣€楄秼鍔垮浘,source_section,,MANUAL_REVIEW
UA2-00320,鍖哄煙 5锛歍oken 娑堣€楄秼鍔垮浘,source_section,,MANUAL_REVIEW
UA2-00321,鍖哄煙 5锛歍oken 娑堣€楄秼鍔垮浘,source_section,,MANUAL_REVIEW
UA2-00322,鍖哄煙 5锛歍oken 娑堣€楄秼鍔垮浘,source_section,,MANUAL_REVIEW
UA2-00323,鍖哄煙 5锛歍oken 娑堣€楄秼鍔垮浘,source_section,,MANUAL_REVIEW
UA2-00324,鍖哄煙 5锛歍oken 娑堣€楄秼鍔垮浘,source_section,,MANUAL_REVIEW
UA2-00325,鍖哄煙 5锛歍oken 娑堣€楄秼鍔垮浘,source_section,,MANUAL_REVIEW
UA2-00326,鍖哄煙 5锛歍oken 娑堣€楄秼鍔垮浘,source_section;source_quote;atomic_assertion,,MANUAL_REVIEW
UA2-00327,鍖哄煙 5锛歍oken 娑堣€楄秼鍔垮浘,source_section,,MANUAL_REVIEW
UA2-00328,鍖哄煙 5锛歍oken 娑堣€楄秼鍔垮浘,source_section;source_quote;atomic_assertion,,MANUAL_REVIEW
UA2-00329,鍖哄煙 5锛歍oken 娑堣€楄秼鍔垮浘,source_section,,MANUAL_REVIEW
UA2-00330,鍖哄煙 5锛歍oken 娑堣€楄秼鍔垮浘,source_section,,MANUAL_REVIEW
UA2-00331,鍖哄煙 5锛歍oken 娑堣€楄秼鍔垮浘,source_section;source_quote;atomic_assertion,,MANUAL_REVIEW
UA2-00332,鍖哄煙 6锛氭ā鍨嬪垎甯冩槑缁嗚〃,source_section,,MANUAL_REVIEW
UA2-00333,鍖哄煙 6锛氭ā鍨嬪垎甯冩槑缁嗚〃,source_section;source_quote;atomic_assertion,,MANUAL_REVIEW
UA2-00334,鍖哄煙 6锛氭ā鍨嬪垎甯冩槑缁嗚〃,source_section,,MANUAL_REVIEW
UA2-00335,鍖哄煙 6锛氭ā鍨嬪垎甯冩槑缁嗚〃,source_section,,MANUAL_REVIEW
UA2-00336,鍖哄煙 6锛氭ā鍨嬪垎甯冩槑缁嗚〃,source_section,599:gb18030->utf8 x1,CANDIDATE
UA2-00337,鍖哄煙 6锛氭ā鍨嬪垎甯冩槑缁嗚〃,source_section,,MANUAL_REVIEW
UA2-00338,鍖哄煙 6锛氭ā鍨嬪垎甯冩槑缁嗚〃,source_section,,MANUAL_REVIEW
UA2-00339,鍖哄煙 6锛氭ā鍨嬪垎甯冩槑缁嗚〃,source_section,,MANUAL_REVIEW
UA2-00340,鍖哄煙 6锛氭ā鍨嬪垎甯冩槑缁嗚〃,source_section,,MANUAL_REVIEW
UA2-00341,鍖哄煙 6锛氭ā鍨嬪垎甯冩槑缁嗚〃,source_section,,MANUAL_REVIEW
UA2-00342,鍖哄煙 6锛氭ā鍨嬪垎甯冩槑缁嗚〃,source_section,,MANUAL_REVIEW
UA2-00343,鍖哄煙 6锛氭ā鍨嬪垎甯冩槑缁嗚〃,source_section,,MANUAL_REVIEW
UA2-00344,鍖哄煙 6锛氭ā鍨嬪垎甯冩槑缁嗚〃,source_section,,MANUAL_REVIEW
UA2-00345,鍖哄煙 6锛氭ā鍨嬪垎甯冩槑缁嗚〃,source_section;source_quote;atomic_assertion,,MANUAL_REVIEW
UA2-00346,鍖哄煙 6锛氭ā鍨嬪垎甯冩槑缁嗚〃,source_section,,MANUAL_REVIEW
UA2-00347,鍖哄煙 6锛氭ā鍨嬪垎甯冩槑缁嗚〃,source_section;source_quote;atomic_assertion,,MANUAL_REVIEW
UA2-00348,鍖哄煙 7锛欰PI Key 瀵规瘮琛|,source_section,,MANUAL_REVIEW
UA2-00349,鍖哄煙 7锛欰PI Key 瀵规瘮琛|,source_section,,MANUAL_REVIEW
UA2-00350,鍖哄煙 7锛欰PI Key 瀵规瘮琛|,source_section,,MANUAL_REVIEW
UA2-00351,鍖哄煙 7锛欰PI Key 瀵规瘮琛|,source_section,,MANUAL_REVIEW
UA2-00352,鍖哄煙 7锛欰PI Key 瀵规瘮琛|,source_section;source_quote;atomic_assertion,,MANUAL_REVIEW
UA2-00353,鍖哄煙 7锛欰PI Key 瀵规瘮琛|,source_section,,MANUAL_REVIEW
UA2-00354,鍖哄煙 7锛欰PI Key 瀵规瘮琛|,source_section;source_quote;atomic_assertion,,MANUAL_REVIEW
UA2-00355,鍖哄煙 7锛欰PI Key 瀵规瘮琛|,source_section,,MANUAL_REVIEW
UA2-00356,鍖哄煙 7锛欰PI Key 瀵规瘮琛|,source_section,,MANUAL_REVIEW
UA2-00357,鍖哄煙 7锛欰PI Key 瀵规瘮琛|,source_section,,MANUAL_REVIEW
UA2-00358,鍖哄煙 7锛欰PI Key 瀵规瘮琛|,source_section,,MANUAL_REVIEW
UA2-00359,鍖哄煙 7锛欰PI Key 瀵规瘮琛|,source_section,,MANUAL_REVIEW
UA2-00360,鍖哄煙 7锛欰PI Key 瀵规瘮琛|,source_section,,MANUAL_REVIEW
UA2-00361,鍖哄煙 7锛欰PI Key 瀵规瘮琛|,source_section,,MANUAL_REVIEW
UA2-00362,鍖哄煙 7锛欰PI Key 瀵规瘮琛|,source_section,,MANUAL_REVIEW
UA2-00363,鍖哄煙 7锛欰PI Key 瀵规瘮琛|,source_section,,MANUAL_REVIEW
UA2-00364,鍖哄煙 7锛欰PI Key 瀵规瘮琛|,source_section;source_quote;atomic_assertion,,MANUAL_REVIEW
UA2-00365,鍖哄煙 7锛欰PI Key 瀵规瘮琛|,source_section;source_quote;atomic_assertion,,MANUAL_REVIEW
UA2-00366,鍖哄煙 8锛氬揩鎹锋搷浣滃叆鍙|,source_section,,MANUAL_REVIEW
UA2-00367,鍖哄煙 8锛氬揩鎹锋搷浣滃叆鍙|,source_section,,MANUAL_REVIEW
UA2-00368,鍖哄煙 8锛氬揩鎹锋搷浣滃叆鍙|,source_section,,MANUAL_REVIEW
UA2-00369,鍖哄煙 8锛氬揩鎹锋搷浣滃叆鍙|,source_section,,MANUAL_REVIEW
UA2-00370,鍖哄煙 8锛氬揩鎹锋搷浣滃叆鍙|,source_section,,MANUAL_REVIEW
UA2-00372,鍖哄煙 8锛氬揩鎹锋搷浣滃叆鍙|,source_section;source_quote;atomic_assertion,,MANUAL_REVIEW
UA2-00373,鍖哄煙 8锛氬揩鎹锋搷浣滃叆鍙|,source_section,,MANUAL_REVIEW
UA2-00375,鍖哄煙 8锛氬揩鎹锋搷浣滃叆鍙|,source_section,,MANUAL_REVIEW
UA2-00377,鍖哄煙 8锛氬揩鎹锋搷浣滃叆鍙|,source_section,,MANUAL_REVIEW
UA2-00379,鍖哄煙 8锛氬揩鎹锋搷浣滃叆鍙|,source_section,,MANUAL_REVIEW
UA2-00381,鍖哄煙 8锛氬揩鎹锋搷浣滃叆鍙|,source_section,,MANUAL_REVIEW
UA2-00382,鍖哄煙 8锛氬揩鎹锋搷浣滃叆鍙|,source_section;source_quote;atomic_assertion,,MANUAL_REVIEW
UA2-00383,鍖哄煙 8锛氬揩鎹锋搷浣滃叆鍙|,source_section,,MANUAL_REVIEW
UA2-00384,鍖哄煙 9锛氭渶杩戠櫥褰曡褰|,source_section;source_quote;atomic_assertion,,MANUAL_REVIEW
UA2-00385,鍖哄煙 9锛氭渶杩戠櫥褰曡褰|,source_section,1088:gb18030->utf8 x1,CANDIDATE
UA2-00386,鍖哄煙 9锛氭渶杩戠櫥褰曡褰|,source_section,,MANUAL_REVIEW
UA2-00387,鍖哄煙 9锛氭渶杩戠櫥褰曡褰|,source_section,,MANUAL_REVIEW
UA2-00388,鍖哄煙 9锛氭渶杩戠櫥褰曡褰|,source_section,,MANUAL_REVIEW
UA2-00389,鍖哄煙 9锛氭渶杩戠櫥褰曡褰|,source_section,,MANUAL_REVIEW
UA2-00390,鍖哄煙 9锛氭渶杩戠櫥褰曡褰|,source_section,,MANUAL_REVIEW
UA2-00391,鍖哄煙 9锛氭渶杩戠櫥褰曡褰|,source_section,,MANUAL_REVIEW
UA2-00392,鍖哄煙 9锛氭渶杩戠櫥褰曡褰|,source_section,,MANUAL_REVIEW
UA2-00393,鍖哄煙 9锛氭渶杩戠櫥褰曡褰|,source_section,,MANUAL_REVIEW
UA2-00394,鍖哄煙 9锛氭渶杩戠櫥褰曡褰|,source_section,,MANUAL_REVIEW
UA2-00395,鍖哄煙 9锛氭渶杩戠櫥褰曡褰|,source_section,,MANUAL_REVIEW
UA2-00396,鍖哄煙 9锛氭渶杩戠櫥褰曡褰|,source_section,,MANUAL_REVIEW
UA2-00397,鍖哄煙 9锛氭渶杩戠櫥褰曡褰|,source_section;source_quote;atomic_assertion,,MANUAL_REVIEW
UA2-00398,鍖哄煙 9锛氭渶杩戠櫥褰曡褰|,source_section,,MANUAL_REVIEW
UA2-00399,鍖哄煙 10锛氬揩閫熸帴鍏ュ紩瀵硷紙鏂扮敤鎴Onboarding锛|,source_section,,MANUAL_REVIEW
UA2-00400,鍖哄煙 10锛氬揩閫熸帴鍏ュ紩瀵硷紙鏂扮敤鎴Onboarding锛|,source_section,,MANUAL_REVIEW
UA2-00401,鍖哄煙 10锛氬揩閫熸帴鍏ュ紩瀵硷紙鏂扮敤鎴Onboarding锛|,source_section,,MANUAL_REVIEW
UA2-00402,鍖哄煙 10锛氬揩閫熸帴鍏ュ紩瀵硷紙鏂扮敤鎴Onboarding锛|,source_section,,MANUAL_REVIEW
UA2-00403,鍖哄煙 10锛氬揩閫熸帴鍏ュ紩瀵硷紙鏂扮敤鎴Onboarding锛|,source_section,,MANUAL_REVIEW
UA2-00404,鍖哄煙 10锛氬揩閫熸帴鍏ュ紩瀵硷紙鏂扮敤鎴Onboarding锛|,source_section,,MANUAL_REVIEW
UA2-00405,鍖哄煙 10锛氬揩閫熸帴鍏ュ紩瀵硷紙鏂扮敤鎴Onboarding锛|,source_section,,MANUAL_REVIEW
UA2-00406,鍖哄煙 10锛氬揩閫熸帴鍏ュ紩瀵硷紙鏂扮敤鎴Onboarding锛|,source_section,,MANUAL_REVIEW
UA2-00407,鍖哄煙 10锛氬揩閫熸帴鍏ュ紩瀵硷紙鏂扮敤鎴Onboarding锛|,source_section,,MANUAL_REVIEW
UA2-00408,鍖哄煙 10锛氬揩閫熸帴鍏ュ紩瀵硷紙鏂扮敤鎴Onboarding锛|,source_section,,MANUAL_REVIEW
UA2-00409,鍖哄煙 10锛氬揩閫熸帴鍏ュ紩瀵硷紙鏂扮敤鎴Onboarding锛|,source_section,,MANUAL_REVIEW
UA2-00410,鍖哄煙 10锛氬揩閫熸帴鍏ュ紩瀵硷紙鏂扮敤鎴Onboarding锛|,source_section,,MANUAL_REVIEW
UA2-00411,鍖哄煙 10锛氬揩閫熸帴鍏ュ紩瀵硷紙鏂扮敤鎴Onboarding锛|,source_section,,MANUAL_REVIEW
UA2-00412,鍖哄煙 10锛氬揩閫熸帴鍏ュ紩瀵硷紙鏂扮敤鎴Onboarding锛|,source_section,,MANUAL_REVIEW
UA2-00413,鍖哄煙 10锛氬揩閫熸帴鍏ュ紩瀵硷紙鏂扮敤鎴Onboarding锛|,source_section,,MANUAL_REVIEW
UA2-00414,鍖哄煙 10锛氬揩閫熸帴鍏ュ紩瀵硷紙鏂扮敤鎴Onboarding锛|,source_section;source_quote;atomic_assertion,,MANUAL_REVIEW
UA2-00415,鍖哄煙 10锛氬揩閫熸帴鍏ュ紩瀵硷紙鏂扮敤鎴Onboarding锛|,source_section;source_quote;atomic_assertion,,MANUAL_REVIEW
UA2-00416,鍖哄煙 10锛氬揩閫熸帴鍏ュ紩瀵硷紙鏂扮敤鎴Onboarding锛|,source_section;source_quote;atomic_assertion,,MANUAL_REVIEW
UA2-00417,鍖哄煙 10锛氬揩閫熸帴鍏ュ紩瀵硷紙鏂扮敤鎴Onboarding锛|,source_section,,MANUAL_REVIEW
UA2-00418,鍖哄煙 10锛氬揩閫熸帴鍏ュ紩瀵硷紙鏂扮敤鎴Onboarding锛|,source_section,,MANUAL_REVIEW
UA2-00419,鍖哄煙 10锛氬揩閫熸帴鍏ュ紩瀵硷紙鏂扮敤鎴Onboarding锛|,source_section;source_quote;atomic_assertion,,MANUAL_REVIEW
UA2-00420,鍖哄煙 10锛氬揩閫熸帴鍏ュ紩瀵硷紙鏂扮敤鎴Onboarding锛|,source_section;source_quote;atomic_assertion,,MANUAL_REVIEW
UA2-00421,鍖哄煙 11锛氭垚鏈娴嬪崱鐗囷紙P1锛|,source_section,,MANUAL_REVIEW
UA2-00422,鍖哄煙 11锛氭垚鏈娴嬪崱鐗囷紙P1锛|,source_section,,MANUAL_REVIEW
UA2-00423,鍖哄煙 11锛氭垚鏈娴嬪崱鐗囷紙P1锛|,source_section,,MANUAL_REVIEW
UA2-00424,鍖哄煙 11锛氭垚鏈娴嬪崱鐗囷紙P1锛|,source_section,,MANUAL_REVIEW
UA2-00425,鍖哄煙 11锛氭垚鏈娴嬪崱鐗囷紙P1锛|,source_section;source_quote;atomic_assertion,,MANUAL_REVIEW
UA2-00426,鍖哄煙 11锛氭垚鏈娴嬪崱鐗囷紙P1锛|,source_section,,MANUAL_REVIEW
UA2-00427,鍖哄煙 11锛氭垚鏈娴嬪崱鐗囷紙P1锛|,source_section;source_quote;atomic_assertion,,MANUAL_REVIEW
UA2-00428,鍖哄煙 11锛氭垚鏈娴嬪崱鐗囷紙P1锛|,source_section,,MANUAL_REVIEW
UA2-00429,鍖哄煙 11锛氭垚鏈娴嬪崱鐗囷紙P1锛|,source_section;source_quote;atomic_assertion,,MANUAL_REVIEW
UA2-00430,鍖哄煙 11锛氭垚鏈娴嬪崱鐗囷紙P1锛|,source_section,,MANUAL_REVIEW
UA2-00431,鍖哄煙 11锛氭垚鏈娴嬪崱鐗囷紙P1锛|,source_section,,MANUAL_REVIEW
UA2-00432,鍖哄煙 11锛氭垚鏈娴嬪崱鐗囷紙P1锛|,source_section;source_quote;atomic_assertion,,MANUAL_REVIEW
UA2-00433,鍖哄煙 11锛氭垚鏈娴嬪崱鐗囷紙P1锛|,source_section;source_quote;atomic_assertion,,MANUAL_REVIEW
UA2-00434,鍖哄煙 11锛氭垚鏈娴嬪崱鐗囷紙P1锛|,source_section,,MANUAL_REVIEW
UA2-00435,鍖哄煙 11锛氭垚鏈娴嬪崱鐗囷紙P1锛|,source_section;source_quote;atomic_assertion,,MANUAL_REVIEW
UA2-00436,鍖哄煙 11锛氭垚鏈娴嬪崱鐗囷紙P1锛|,source_section;source_quote;atomic_assertion,,MANUAL_REVIEW
UA2-00437,鍖哄煙 11锛氭垚鏈娴嬪崱鐗囷紙P1锛|,source_section,,MANUAL_REVIEW
UA2-00438,鍖哄煙 11锛氭垚鏈娴嬪崱鐗囷紙P1锛|,source_section;source_quote;atomic_assertion,,MANUAL_REVIEW
UA2-00439,鍖哄煙 11锛氭垚鏈娴嬪崱鐗囷紙P1锛|,source_section,,MANUAL_REVIEW
UA2-00440,鍖哄煙 12锛氬紓甯稿憡璀﹀崱鐗囷紙P1锛|,source_section,,MANUAL_REVIEW
UA2-00441,鍖哄煙 12锛氬紓甯稿憡璀﹀崱鐗囷紙P1锛|,source_section,,MANUAL_REVIEW
UA2-00442,鍖哄煙 12锛氬紓甯稿憡璀﹀崱鐗囷紙P1锛|,source_section,,MANUAL_REVIEW
UA2-00443,鍖哄煙 12锛氬紓甯稿憡璀﹀崱鐗囷紙P1锛|,source_section;source_quote;atomic_assertion,,MANUAL_REVIEW
UA2-00444,鍖哄煙 12锛氬紓甯稿憡璀﹀崱鐗囷紙P1锛|,source_section,,MANUAL_REVIEW
UA2-00445,鍖哄煙 12锛氬紓甯稿憡璀﹀崱鐗囷紙P1锛|,source_section,,MANUAL_REVIEW
UA2-00446,鍖哄煙 12锛氬紓甯稿憡璀﹀崱鐗囷紙P1锛|,source_section,,MANUAL_REVIEW
UA2-00447,鍖哄煙 12锛氬紓甯稿憡璀﹀崱鐗囷紙P1锛|,source_section;source_quote;atomic_assertion,,MANUAL_REVIEW
UA2-00448,鍖哄煙 12锛氬紓甯稿憡璀﹀崱鐗囷紙P1锛|,source_section,,MANUAL_REVIEW
UA2-00449,鍖哄煙 12锛氬紓甯稿憡璀﹀崱鐗囷紙P1锛|,source_section,,MANUAL_REVIEW
UA2-00450,鍖哄煙 12锛氬紓甯稿憡璀﹀崱鐗囷紙P1锛|,source_section,,MANUAL_REVIEW
UA2-00452,鍖哄煙 12锛氬紓甯稿憡璀﹀崱鐗囷紙P1锛|,source_section,,MANUAL_REVIEW
UA2-00453,鍖哄煙 12锛氬紓甯稿憡璀﹀崱鐗囷紙P1锛|,source_section,,MANUAL_REVIEW
UA2-00454,鍖哄煙 12锛氬紓甯稿憡璀﹀崱鐗囷紙P1锛|,source_section,,MANUAL_REVIEW
UA2-00456,鍖哄煙 12锛氬紓甯稿憡璀﹀崱鐗囷紙P1锛|,source_section,,MANUAL_REVIEW
UA2-00457,鍖哄煙 12锛氬紓甯稿憡璀﹀崱鐗囷紙P1锛|,source_section,,MANUAL_REVIEW
UA2-00458,鍖哄煙 12锛氬紓甯稿憡璀﹀崱鐗囷紙P1锛|,source_section;source_quote;atomic_assertion,,MANUAL_REVIEW
UA2-00459,鍖哄煙 12锛氬紓甯稿憡璀﹀崱鐗囷紙P1锛|,source_section,,MANUAL_REVIEW
UA2-00460,鍖哄煙 12锛氬紓甯稿憡璀﹀崱鐗囷紙P1锛|,source_section,,MANUAL_REVIEW
UA2-00461,鍖哄煙 12锛氬紓甯稿憡璀﹀崱鐗囷紙P1锛|,source_section,,MANUAL_REVIEW
UA2-00463,鍖哄煙 12锛氬紓甯稿憡璀﹀崱鐗囷紙P1锛|,source_section,,MANUAL_REVIEW
UA2-00464,鍖哄煙 12锛氬紓甯稿憡璀﹀崱鐗囷紙P1锛|,source_section,,MANUAL_REVIEW
UA2-00465,鍖哄煙 12锛氬紓甯稿憡璀﹀崱鐗囷紙P1锛|,source_section,,MANUAL_REVIEW
UA2-00466,鍖哄煙 12锛氬紓甯稿憡璀﹀崱鐗囷紙P1锛|,source_section,,MANUAL_REVIEW
UA2-00467,鍖哄煙 12锛氬紓甯稿憡璀﹀崱鐗囷紙P1锛|,source_section,,MANUAL_REVIEW
UA2-00468,鍖哄煙 12锛氬紓甯稿憡璀﹀崱鐗囷紙P1锛|,source_section;source_quote;atomic_assertion,,MANUAL_REVIEW
UA2-00469,鍖哄煙 13锛氳处鍗曞懆鏈熸瑙堬紙P1锛|,source_section,,MANUAL_REVIEW
UA2-00470,鍖哄煙 13锛氳处鍗曞懆鏈熸瑙堬紙P1锛|,source_section,,MANUAL_REVIEW
UA2-00471,鍖哄煙 13锛氳处鍗曞懆鏈熸瑙堬紙P1锛|,source_section,,MANUAL_REVIEW
UA2-00472,鍖哄煙 13锛氳处鍗曞懆鏈熸瑙堬紙P1锛|,source_section,,MANUAL_REVIEW
UA2-00473,鍖哄煙 13锛氳处鍗曞懆鏈熸瑙堬紙P1锛|,source_section,,MANUAL_REVIEW
UA2-00474,鍖哄煙 13锛氳处鍗曞懆鏈熸瑙堬紙P1锛|,source_section,,MANUAL_REVIEW
UA2-00475,鍖哄煙 13锛氳处鍗曞懆鏈熸瑙堬紙P1锛|,source_section,,MANUAL_REVIEW
UA2-00476,鍖哄煙 13锛氳处鍗曞懆鏈熸瑙堬紙P1锛|,source_section,,MANUAL_REVIEW
UA2-00477,鍖哄煙 13锛氳处鍗曞懆鏈熸瑙堬紙P1锛|,source_section,,MANUAL_REVIEW
UA2-00478,鍖哄煙 13锛氳处鍗曞懆鏈熸瑙堬紙P1锛|,source_section;source_quote;atomic_assertion,,MANUAL_REVIEW
UA2-00479,鍖哄煙 13锛氳处鍗曞懆鏈熸瑙堬紙P1锛|,source_section,,MANUAL_REVIEW
UA2-00480,鍖哄煙 13锛氳处鍗曞懆鏈熸瑙堬紙P1锛|,source_section,,MANUAL_REVIEW
UA2-00481,鍖哄煙 13锛氳处鍗曞懆鏈熸瑙堬紙P1锛|,source_section,,MANUAL_REVIEW
UA2-00482,鍖哄煙 13锛氳处鍗曞懆鏈熸瑙堬紙P1锛|,source_section,,MANUAL_REVIEW
UA2-00483,鍖哄煙 13锛氳处鍗曞懆鏈熸瑙堬紙P1锛|,source_section,,MANUAL_REVIEW
UA2-00484,鍖哄煙 13锛氳处鍗曞懆鏈熸瑙堬紙P1锛|,source_section,,MANUAL_REVIEW
UA2-00485,鍖哄煙 13锛氳处鍗曞懆鏈熸瑙堬紙P1锛|,source_section;source_quote;atomic_assertion,,MANUAL_REVIEW
UA2-00486,鍖哄煙 13锛氳处鍗曞懆鏈熸瑙堬紙P1锛|,source_section,,MANUAL_REVIEW
UA2-00487,鍖哄煙 14锛氬疄鏃舵椿鍔ㄦ祦锛圥2锛|,source_section,,MANUAL_REVIEW
UA2-00488,鍖哄煙 14锛氬疄鏃舵椿鍔ㄦ祦锛圥2锛|,source_section,,MANUAL_REVIEW
UA2-00489,鍖哄煙 14锛氬疄鏃舵椿鍔ㄦ祦锛圥2锛|,source_section,,MANUAL_REVIEW
UA2-00490,鍖哄煙 14锛氬疄鏃舵椿鍔ㄦ祦锛圥2锛|,source_section;source_quote;atomic_assertion,,MANUAL_REVIEW
UA2-00491,鍖哄煙 14锛氬疄鏃舵椿鍔ㄦ祦锛圥2锛|,source_section,,MANUAL_REVIEW
UA2-00492,鍖哄煙 14锛氬疄鏃舵椿鍔ㄦ祦锛圥2锛|,source_section,,MANUAL_REVIEW
UA2-00493,鍖哄煙 14锛氬疄鏃舵椿鍔ㄦ祦锛圥2锛|,source_section,,MANUAL_REVIEW
UA2-00494,鍖哄煙 14锛氬疄鏃舵椿鍔ㄦ祦锛圥2锛|,source_section;source_quote;atomic_assertion,,MANUAL_REVIEW
UA2-00495,鍖哄煙 14锛氬疄鏃舵椿鍔ㄦ祦锛圥2锛|,source_section,,MANUAL_REVIEW
UA2-00496,鍖哄煙 14锛氬疄鏃舵椿鍔ㄦ祦锛圥2锛|,source_section,,MANUAL_REVIEW
UA2-00497,鍖哄煙 14锛氬疄鏃舵椿鍔ㄦ祦锛圥2锛|,source_section,,MANUAL_REVIEW
UA2-00498,鍖哄煙 14锛氬疄鏃舵椿鍔ㄦ祦锛圥2锛|,source_section,,MANUAL_REVIEW
UA2-00499,鍖哄煙 14锛氬疄鏃舵椿鍔ㄦ祦锛圥2锛|,source_section,,MANUAL_REVIEW
UA2-00500,鍖哄煙 14锛氬疄鏃舵椿鍔ㄦ祦锛圥2锛|,source_section;source_quote;atomic_assertion,,MANUAL_REVIEW
UA2-00501,鍖哄煙 15锛氭ā鍨嬫帹鑽鎴愭湰浼樺寲寤鸿锛圥2锛|,source_section,,MANUAL_REVIEW
UA2-00502,鍖哄煙 15锛氭ā鍨嬫帹鑽鎴愭湰浼樺寲寤鸿锛圥2锛|,source_section,,MANUAL_REVIEW
UA2-00503,鍖哄煙 15锛氭ā鍨嬫帹鑽鎴愭湰浼樺寲寤鸿锛圥2锛|,source_section,,MANUAL_REVIEW
UA2-00504,鍖哄煙 15锛氭ā鍨嬫帹鑽鎴愭湰浼樺寲寤鸿锛圥2锛|,source_section;source_quote;atomic_assertion,,MANUAL_REVIEW
UA2-00505,鍖哄煙 15锛氭ā鍨嬫帹鑽鎴愭湰浼樺寲寤鸿锛圥2锛|,source_section,,MANUAL_REVIEW
UA2-00506,鍖哄煙 15锛氭ā鍨嬫帹鑽鎴愭湰浼樺寲寤鸿锛圥2锛|,source_section,,MANUAL_REVIEW
UA2-00513,2.2.2 妯″瀷涓績 `/console/models`,source_quote;atomic_assertion,,MANUAL_REVIEW
UA2-00525,2.2.2 妯″瀷涓績 `/console/models`,source_quote;atomic_assertion,,MANUAL_REVIEW
UA2-00529,2.2.2 妯″瀷涓績 `/console/models`,source_quote;atomic_assertion,664:gb18030->utf8 x1,CANDIDATE
UA2-00546,2.2.2 妯″瀷涓績 `/console/models`,source_quote;atomic_assertion,,MANUAL_REVIEW
UA2-00557,2.2.2 妯″瀷涓績 `/console/models`,source_quote;atomic_assertion,,MANUAL_REVIEW
UA2-00564,2.2.2 妯″瀷涓績 `/console/models`,source_quote;atomic_assertion,,MANUAL_REVIEW
UA2-00566,2.2.2 妯″瀷涓績 `/console/models`,source_quote;atomic_assertion,746:gb18030->utf8 x1,CANDIDATE
UA2-00587,2.2.2 妯″瀷涓績 `/console/models`,source_quote;atomic_assertion,,MANUAL_REVIEW
UA2-00589,2.2.2 妯″瀷涓績 `/console/models`,source_quote;atomic_assertion,,MANUAL_REVIEW
UA2-00595,2.2.2 妯″瀷涓績 `/console/models`,source_quote;atomic_assertion,770:gb18030->utf8 x1,CANDIDATE
UA2-00606,Key 鍒楄〃,source_quote;atomic_assertion,,MANUAL_REVIEW
UA2-00612,Key 鍒楄〃,source_quote;atomic_assertion,,MANUAL_REVIEW
UA2-00644,鍒涘缓 Key 寮圭獥,source_quote;atomic_assertion,,MANUAL_REVIEW
UA2-00653,鍒涘缓 Key 寮圭獥,source_quote;atomic_assertion,,MANUAL_REVIEW
UA2-00656,鍒涘缓 Key 寮圭獥,source_quote;atomic_assertion,,MANUAL_REVIEW
UA2-00657,鍒涘缓 Key 寮圭獥,source_quote;atomic_assertion,,MANUAL_REVIEW
UA2-00658,鍒涘缓 Key 寮圭獥,source_quote;atomic_assertion,,MANUAL_REVIEW
UA2-00666,缂栬緫 Key,source_quote;atomic_assertion,,MANUAL_REVIEW
UA2-00668,绂佺敤/鍚敤 Key,source_quote;atomic_assertion,,MANUAL_REVIEW
UA2-00673,绂佺敤/鍚敤 Key,source_quote;atomic_assertion,,MANUAL_REVIEW
UA2-00677,绂佺敤/鍚敤 Key,source_quote;atomic_assertion,,MANUAL_REVIEW
UA2-00679,绂佺敤/鍚敤 Key,source_quote;atomic_assertion,,MANUAL_REVIEW
UA2-00680,Key 鏉冮檺鎺у埗锛圥1锛|,source_section,,MANUAL_REVIEW
UA2-00681,Key 鏉冮檺鎺у埗锛圥1锛|,source_section,,MANUAL_REVIEW
UA2-00682,Key 鏉冮檺鎺у埗锛圥1锛|,source_section;source_quote;atomic_assertion,915:gb18030->utf8 x1,CANDIDATE
UA2-00683,Key 鏉冮檺鎺у埗锛圥1锛|,source_section,915:gb18030->utf8 x1,CANDIDATE
UA2-00684,Key 鏉冮檺鎺у埗锛圥1锛|,source_section,,MANUAL_REVIEW
UA2-00685,Key 鏉冮檺鎺у埗锛圥1锛|,source_section,,MANUAL_REVIEW
UA2-00686,Key 鏉冮檺鎺у埗锛圥1锛|,source_section,,MANUAL_REVIEW
UA2-00687,Key 鏉冮檺鎺у埗锛圥1锛|,source_section,,MANUAL_REVIEW
UA2-00688,Key 鏉冮檺鎺у埗锛圥1锛|,source_section,,MANUAL_REVIEW
UA2-00689,Key 鏉冮檺鎺у埗锛圥1锛|,source_section,,MANUAL_REVIEW
UA2-00690,Key 鏉冮檺鎺у埗锛圥1锛|,source_section;source_quote;atomic_assertion,,MANUAL_REVIEW
UA2-00691,Key 鏉冮檺鎺у埗锛圥1锛|,source_section;source_quote;atomic_assertion,923:gb18030->utf8 x1,CANDIDATE
UA2-00692,Key 鏉冮檺鎺у埗锛圥1锛|,source_section;source_quote;atomic_assertion,,MANUAL_REVIEW
UA2-00693,杩囨湡鏃堕棿绠＄悊锛圥2锛|,source_section,,MANUAL_REVIEW
UA2-00694,杩囨湡鏃堕棿绠＄悊锛圥2锛|,source_section,,MANUAL_REVIEW
UA2-00695,杩囨湡鏃堕棿绠＄悊锛圥2锛|,source_section,,MANUAL_REVIEW
UA2-00696,杩囨湡鏃堕棿绠＄悊锛圥2锛|,source_section,947:gb18030->utf8 x1,CANDIDATE
UA2-00697,杩囨湡鏃堕棿绠＄悊锛圥2锛|,source_section,,MANUAL_REVIEW
UA2-00698,杩囨湡鏃堕棿绠＄悊锛圥2锛|,source_section,,MANUAL_REVIEW
UA2-00699,杩囨湡鏃堕棿绠＄悊锛圥2锛|,source_section,947:gb18030->utf8 x1,CANDIDATE
UA2-00700,杩囨湡鏃堕棿绠＄悊锛圥2锛|,source_section;source_quote;atomic_assertion,,MANUAL_REVIEW
UA2-00701,杩囨湡鏃堕棿绠＄悊锛圥2锛|,source_section,,MANUAL_REVIEW
UA2-00703,杩囨湡鏃堕棿绠＄悊锛圥2锛|,source_section,,MANUAL_REVIEW
UA2-00704,杩囨湡鏃堕棿绠＄悊锛圥2锛|,source_section,947:gb18030->utf8 x1,CANDIDATE
UA2-00706,杩囨湡鏃堕棿绠＄悊锛圥2锛|,source_section;source_quote;atomic_assertion,947:gb18030->utf8 x1,CANDIDATE
UA2-00707,杩囨湡鏃堕棿绠＄悊锛圥2锛|,source_section,,MANUAL_REVIEW
UA2-00708,鐢ㄩ噺缁熻,source_quote;atomic_assertion,,MANUAL_REVIEW
UA2-00726,2.2.4 璋冪敤鏃ュ織 `/console/logs`,source_quote;atomic_assertion,997:gb18030->utf8 x1,CANDIDATE
UA2-00738,2.2.4 璋冪敤鏃ュ織 `/console/logs`,source_quote;atomic_assertion,,MANUAL_REVIEW
UA2-00744,2.2.4 璋冪敤鏃ュ織 `/console/logs`,source_quote;atomic_assertion,,MANUAL_REVIEW
UA2-00751,2.2.4 璋冪敤鏃ュ織 `/console/logs`,source_quote;atomic_assertion,,MANUAL_REVIEW
UA2-00753,2.2.4 璋冪敤鏃ュ織 `/console/logs`,source_quote;atomic_assertion,,MANUAL_REVIEW
UA2-00772,2.2.5 鐢ㄩ噺缁熻 `/console/stats`,source_quote;atomic_assertion,,MANUAL_REVIEW
UA2-00782,2.2.6 鍏呭€`/console/recharge`,source_quote;atomic_assertion,,MANUAL_REVIEW
UA2-00784,2.2.6 鍏呭€`/console/recharge`,source_quote;atomic_assertion,,MANUAL_REVIEW
UA2-00787,2.2.6 鍏呭€`/console/recharge`,source_quote;atomic_assertion,,MANUAL_REVIEW
UA2-00788,2.2.6 鍏呭€`/console/recharge`,source_quote;atomic_assertion,,MANUAL_REVIEW
UA2-00791,2.2.6 鍏呭€`/console/recharge`,source_quote;atomic_assertion,,MANUAL_REVIEW
UA2-00811,2.2.6 鍏呭€`/console/recharge`,source_quote;atomic_assertion,,MANUAL_REVIEW
UA2-00814,2.2.6 鍏呭€`/console/recharge`,source_quote;atomic_assertion,,MANUAL_REVIEW
UA2-00815,2.2.6 鍏呭€`/console/recharge`,source_quote;atomic_assertion,,MANUAL_REVIEW
UA2-00817,2.2.6 鍏呭€`/console/recharge`,source_quote;atomic_assertion,,MANUAL_REVIEW
UA2-00820,2.2.6 鍏呭€`/console/recharge`,source_quote;atomic_assertion,,MANUAL_REVIEW
UA2-00828,2.2.7 娑堣垂鏄庣粏 / 浣欓鍙樺姩 `/console/transactions`,source_quote;atomic_assertion,,MANUAL_REVIEW
UA2-00837,2.2.7 娑堣垂鏄庣粏 / 浣欓鍙樺姩 `/console/transactions`,source_quote;atomic_assertion,1214:gb18030->utf8 x1,CANDIDATE
UA2-00871,2.2.9 鍙戠エ `/console/invoices`,source_quote;atomic_assertion,1301:gb18030->utf8 x1,CANDIDATE
UA2-00874,2.2.9 鍙戠エ `/console/invoices`,source_quote;atomic_assertion,1302:gb18030->utf8 x1,CANDIDATE
UA2-00883,2.2.9 鍙戠エ `/console/invoices`,source_quote;atomic_assertion,,MANUAL_REVIEW
UA2-00889,2.2.9 鍙戠エ `/console/invoices`,source_quote;atomic_assertion,1307:gb18030->utf8 x1,CANDIDATE
UA2-00892,2.2.9 鍙戠エ `/console/invoices`,source_quote;atomic_assertion,,MANUAL_REVIEW
UA2-00899,2.2.9 鍙戠エ `/console/invoices`,source_quote;atomic_assertion,,MANUAL_REVIEW
