req_id,domain,source_path,recovered_section,recovered_quote,recovered_assertion,quote_source_lines,section_source_lines,risk_flags,review_decision,review_notes
UA2-00917,user-agent,docs/PRD-代理商体系.md,3.1 代理商层级与权益,自动,自动,3,9,NUMERIC,PENDING,
UA2-00933,user-agent,docs/PRD-代理商体系.md,3.2 代理佣金规则配置,**佣金计算方式**,**佣金计算方式**,20,18,MARKDOWN_OR_PATH;NUMERIC,PENDING,
UA2-00944,user-agent,docs/PRD-代理商体系.md,3.2 代理佣金规则配置,按模型分别设置不同佣金率,按模型分别设置不同佣金率,27,18,NUMERIC,PENDING,
UA2-00945,user-agent,docs/PRD-代理商体系.md,3.2 代理佣金规则配置,精细运营,精细运营,27,18,NUMERIC,PENDING,
UA2-00946,user-agent,docs/PRD-代理商体系.md,3.2 代理佣金规则配置,**规则配置界面**,**规则配置界面**,29,18,MARKDOWN_OR_PATH;NUMERIC,PENDING,
UA2-00947,user-agent,docs/PRD-代理商体系.md,3.2 代理佣金规则配置,**佣金规则变更审计**,**佣金规则变更审计**,48,18,MARKDOWN_OR_PATH;NUMERIC,PENDING,
UA2-00950,user-agent,docs/PRD-代理商体系.md,3.3 代理端仪表盘,**核心指标**,**核心指标**,56,54,MARKDOWN_OR_PATH;NUMERIC,PENDING,
UA2-00966,user-agent,docs/PRD-代理商体系.md,3.3 代理端仪表盘,**瓒嬪娍鍥?*,**瓒嬪娍鍥?*,66,54,MARKDOWN_OR_PATH;NUMERIC;POSSIBLE_COMPOUND;RESIDUAL_ENCODING,PENDING,
UA2-00967,user-agent,docs/PRD-代理商体系.md,3.3 代理端仪表盘,杩?7 澶╁悕涓嬬敤鎴锋秷璐硅秼鍔?,杩?7 澶╁悕涓嬬敤鎴锋秷璐硅秼鍔?,67,54,NUMERIC;POSSIBLE_COMPOUND;RESIDUAL_ENCODING,PENDING,
UA2-00969,user-agent,docs/PRD-代理商体系.md,3.3 代理端仪表盘,客户增长趋势,客户增长趋势,69,54,NUMERIC,PENDING,
UA2-00970,user-agent,docs/PRD-代理商体系.md,3.4 提现管理,**提现流程**,**提现流程**,75,73,MARKDOWN_OR_PATH;NUMERIC,PENDING,
UA2-00971,user-agent,docs/PRD-代理商体系.md,3.4 提现管理,**审核面板信息**,**审核面板信息**,86,73,MARKDOWN_OR_PATH;NUMERIC,PENDING,
UA2-00972,user-agent,docs/PRD-代理商体系.md,3.4 提现管理,**提现限制**,**提现限制**,100,73,MARKDOWN_OR_PATH;NUMERIC,PENDING,
UA2-01007,user-agent,docs/PRD-代理商支撑增强.md,API 接口,GET,GET,99;101;102;134;135;217;220,56;93;130;179;213,NONE_DETECTED,PENDING,
UA2-01022,user-agent,docs/PRD-代理商支撑增强.md,API 接口,浠ｇ悊鍟?,浠ｇ悊鍟?,99;101;102;134;135;217;220,56;93;130;179;213,POSSIBLE_COMPOUND;RESIDUAL_ENCODING,PENDING,
UA2-01027,user-agent,docs/PRD-代理商支撑增强.md,前端变更,"管理后台 -> 新增""客户报备""入口","管理后台 -> 新增""客户报备""入口",71,67;104;140;188;222;247,MARKDOWN_OR_PATH,PENDING,
UA2-01028,user-agent,docs/PRD-代理商支撑增强.md,前端变更,报备列表 + 创建表单 + 审核操作,报备列表 + 创建表单 + 审核操作,71,67;104;140;188;222;247,NONE_DETECTED,PENDING,
UA2-01053,user-agent,docs/PRD-代理商支撑增强.md,API 接口,/api/v1/agent/finance/commission-trends,/api/v1/agent/finance/commission-trends,99,56;93;130;179;213,MARKDOWN_OR_PATH;NUMERIC,PENDING,
UA2-01054,user-agent,docs/PRD-代理商支撑增强.md,API 接口,佣金趋势数据,佣金趋势数据,99,56;93;130;179;213,NONE_DETECTED,PENDING,
UA2-01057,user-agent,docs/PRD-代理商支撑增强.md,API 接口,/api/v1/agent/finance/settlement/:period,/api/v1/agent/finance/settlement/:period,101,56;93;130;179;213,MARKDOWN_OR_PATH;NUMERIC,PENDING,
UA2-01061,user-agent,docs/PRD-代理商支撑增强.md,API 接口,/api/v1/agent/finance/settlement/:period/download,/api/v1/agent/finance/settlement/:period/download,101,56;93;130;179;213,MARKDOWN_OR_PATH;NUMERIC,PENDING,
UA2-01062,user-agent,docs/PRD-代理商支撑增强.md,API 接口,涓嬭浇缁撶畻鍗?PDF,涓嬭浇缁撶畻鍗?PDF,101,56;93;130;179;213,POSSIBLE_COMPOUND;RESIDUAL_ENCODING,PENDING,
UA2-01065,user-agent,docs/PRD-代理商支撑增强.md,API 接口,/api/v1/agent/finance/calendar,/api/v1/agent/finance/calendar,102,56;93;130;179;213,MARKDOWN_OR_PATH;NUMERIC,PENDING,
UA2-01066,user-agent,docs/PRD-代理商支撑增强.md,API 接口,财务日历,财务日历,102,56;93;130;179;213,NONE_DETECTED,PENDING,
UA2-01076,user-agent,docs/PRD-代理商支撑增强.md,功能规格,名下客户按消费金额排序，展示消费总额 / 本月消费 / 调用次数,名下客户按消费金额排序，展示消费总额 / 本月消费 / 调用次数,124,18;82;120;156;203;237,MARKDOWN_OR_PATH,PENDING,
UA2-01081,user-agent,docs/PRD-代理商支撑增强.md,功能规格,客户流失预警,客户流失预警,127,18;82;120;156;203;237,NONE_DETECTED,PENDING,
UA2-01082,user-agent,docs/PRD-代理商支撑增强.md,功能规格,连续 N 天未调用的客户标记预警（默认 14 天）,连续 N 天未调用的客户标记预警（默认 14 天）,127,18;82;120;156;203;237,NUMERIC,PENDING,
UA2-01086,user-agent,docs/PRD-代理商支撑增强.md,API 接口,/api/v1/agent/customers/consumption-ranking,/api/v1/agent/customers/consumption-ranking,134,56;93;130;179;213,MARKDOWN_OR_PATH;NUMERIC,PENDING,
UA2-01087,user-agent,docs/PRD-代理商支撑增强.md,API 接口,客户消费排名,客户消费排名,134,56;93;130;179;213,NONE_DETECTED,PENDING,
UA2-01090,user-agent,docs/PRD-代理商支撑增强.md,API 接口,/api/v1/agent/customers/:userId/consumption-trend,/api/v1/agent/customers/:userId/consumption-trend,135,56;93;130;179;213,MARKDOWN_OR_PATH;NUMERIC,PENDING,
UA2-01091,user-agent,docs/PRD-代理商支撑增强.md,API 接口,客户消费趋势,客户消费趋势,135,56;93;130;179;213,NONE_DETECTED,PENDING,
UA2-01118,user-agent,docs/PRD-代理商支撑增强.md,功能规格,标记已读,标记已读,163,18;82;120;156;203;237,NONE_DETECTED,PENDING,
UA2-01119,user-agent,docs/PRD-代理商支撑增强.md,功能规格,单条标记 / 全部标记已读,单条标记 / 全部标记已读,163,18;82;120;156;203;237,MARKDOWN_OR_PATH,PENDING,
UA2-01133,user-agent,docs/PRD-代理商支撑增强.md,API 接口,标记已读,标记已读,163,56;93;130;179;213,NONE_DETECTED,PENDING,
UA2-01137,user-agent,docs/PRD-代理商支撑增强.md,API 接口,全部标记已读,全部标记已读,163,56;93;130;179;213,NONE_DETECTED,PENDING,
UA2-01147,user-agent,docs/PRD-代理商支撑增强.md,功能规格,展示当前等级的所有权益，高亮已解锁项,展示当前等级的所有权益，高亮已解锁项,208,18;82;120;156;203;237,NONE_DETECTED,PENDING,
UA2-01155,user-agent,docs/PRD-代理商支撑增强.md,API 接口,/api/v1/agent/level/benefits,/api/v1/agent/level/benefits,217,56;93;130;179;213,MARKDOWN_OR_PATH;NUMERIC,PENDING,
UA2-01156,user-agent,docs/PRD-代理商支撑增强.md,API 接口,当前等级权益,当前等级权益,217,56;93;130;179;213,NONE_DETECTED,PENDING,
UA2-01167,user-agent,docs/PRD-代理商支撑增强.md,API 接口,/api/v1/agent/level/history,/api/v1/agent/level/history,220,56;93;130;179;213,MARKDOWN_OR_PATH;NUMERIC,PENDING,
UA2-01168,user-agent,docs/PRD-代理商支撑增强.md,API 接口,等级变更历史,等级变更历史,220,56;93;130;179;213,NONE_DETECTED,PENDING,
REQ-ADMINPORTAL-00335,customer-support,docs/PRD-客服支撑模块.md,前端变更,| 页面 | 变更 |,需求规定：椤甸潰 | 鍙樻洿,27;98;134;185;220;251,25;96;132;183;218;249,NONE_DETECTED,PENDING,
REQ-ADMINPORTAL-00352,customer-support,docs/PRD-客服支撑模块.md,API 接口,| `GET` | `/api/v1/admin/support/user-search?q=` | 搜索用户（ID/邮箱/手机号模糊匹配）| 客服专员以上 |,需求规定：`GET` | `/api/v1/public/knowledge-base/search?q=` | 鍏ㄦ枃鎼滅储 | 鏃犻渶鐧诲綍,21,17;83;123;174;209;243,MARKDOWN_OR_PATH;NUMERIC;POSSIBLE_COMPOUND;RESIDUAL_ENCODING,PENDING,
REQ-ADMINPORTAL-00354,customer-support,docs/PRD-客服支撑模块.md,前端变更,| 页面 | 变更 |,需求规定：椤甸潰 | 鍙樻洿,27;98;134;185;220;251,25;96;132;183;218;249,NONE_DETECTED,PENDING,
REQ-ADMINPORTAL-00369,customer-support,docs/PRD-客服支撑模块.md,API 接口,| `GET` | `/api/v1/admin/support/user-search?q=` | 搜索用户（ID/邮箱/手机号模糊匹配）| 客服专员以上 |,需求规定：`GET` | `/api/v1/public/help/search?q=` | 鍏ㄦ枃鎼滅储 | 鏃犻渶鐧诲綍,21,17;83;123;174;209;243,MARKDOWN_OR_PATH;NUMERIC;POSSIBLE_COMPOUND;RESIDUAL_ENCODING,PENDING,
REQ-ADMINPORTAL-00370,customer-support,docs/PRD-客服支撑模块.md,前端变更,| 页面 | 变更 |,需求规定：椤甸潰 | 鍙樻洿,27;98;134;185;220;251,25;96;132;183;218;249,NONE_DETECTED,PENDING,
REQ-ADMINPORTAL-00384,customer-support,docs/PRD-客服支撑模块.md,前端变更,| 页面 | 变更 |,需求规定：椤甸潰 | 鍙樻洿,27;98;134;185;220;251,25;96;132;183;218;249,NONE_DETECTED,PENDING,
REQ-ADMINPORTAL-00399,customer-support,docs/PRD-客服支撑模块.md,前端变更,| 页面 | 变更 |,需求规定：椤甸潰 | 鍙樻洿,27;98;134;185;220;251,25;96;132;183;218;249,NONE_DETECTED,PENDING,
REQ-ADMINPORTAL-00410,customer-support,docs/PRD-客服支撑模块.md,前端变更,| 页面 | 变更 |,需求规定：椤甸潰 | 鍙樻洿,27;98;134;185;220;251,25;96;132;183;218;249,NONE_DETECTED,PENDING,
REQ-CF-00031,core-finance,docs/PRD-核心引擎.md,5.2.1 价格层级与优先级,#### 5.2.1 价格层级与优先级,**价格层级定义**,164,164,MARKDOWN_OR_PATH;NUMERIC,PENDING,
REQ-CF-00035,core-finance,docs/PRD-核心引擎.md,5.2.1 价格层级与优先级,#### 5.2.1 价格层级与优先级,鍗曚环鏉ユ簮应满足：`vendor_models.input/output_price`,164,164,MARKDOWN_OR_PATH;NUMERIC,PENDING,
REQ-CF-00038,core-finance,docs/PRD-核心引擎.md,5.2.1 价格层级与优先级,#### 5.2.1 价格层级与优先级,璇存槑应满足：L0 脳 (1 + 鍏ㄥ眬鍔犱环鐜?,164,164,MARKDOWN_OR_PATH;NUMERIC;POSSIBLE_COMPOUND;RESIDUAL_ENCODING,PENDING,
REQ-CF-00039,core-finance,docs/PRD-核心引擎.md,5.2.1 价格层级与优先级,#### 5.2.1 价格层级与优先级,鍗曚环鏉ユ簮应满足：`site_configs.default_markup_rate`,164,164,MARKDOWN_OR_PATH;NUMERIC,PENDING,
REQ-CF-00043,core-finance,docs/PRD-核心引擎.md,5.2.1 价格层级与优先级,#### 5.2.1 价格层级与优先级,鍗曚环鏉ユ簮应满足：`models.override_price`,164,164,MARKDOWN_OR_PATH;NUMERIC,PENDING,
REQ-CF-00047,core-finance,docs/PRD-核心引擎.md,5.2.1 价格层级与优先级,#### 5.2.1 价格层级与优先级,鍗曚环鏉ユ簮应满足：`agent_commission.discount_rate`,164,164,MARKDOWN_OR_PATH;NUMERIC,PENDING,
REQ-CF-00051,core-finance,docs/PRD-核心引擎.md,5.2.1 价格层级与优先级,#### 5.2.1 价格层级与优先级,鍗曚环鏉ユ簮应满足：`key_group_pricing.unit_price`,164,164,MARKDOWN_OR_PATH;NUMERIC,PENDING,
REQ-CF-00055,core-finance,docs/PRD-核心引擎.md,5.2.1 价格层级与优先级,#### 5.2.1 价格层级与优先级,鍗曚环鏉ユ簮应满足：`campaign_prices.discount_rate`,164,164,MARKDOWN_OR_PATH;NUMERIC,PENDING,
REQ-CF-00119,core-finance,docs/PRD-核心引擎.md,5.3.1 四级限流详细规格,#### 5.3.1 四级限流详细规格,**限流命中响应**,284,284,MARKDOWN_OR_PATH;NUMERIC,PENDING,
UA2-00052,user-agent,docs/PRD-用户体系.md,2.1.2 权限引擎规格,**资源维度**（按模块划分）：,**资源维度**（按模块划分）：,23,21,MARKDOWN_OR_PATH;NUMERIC,PENDING,
UA2-00053,user-agent,docs/PRD-用户体系.md,2.1.2 权限引擎规格,`user`,`user`,27;78,21,MARKDOWN_OR_PATH;NUMERIC,PENDING,
UA2-00054,user-agent,docs/PRD-用户体系.md,2.1.2 权限引擎规格,用户管理,用户管理,27,21,NUMERIC,PENDING,
UA2-00055,user-agent,docs/PRD-用户体系.md,2.1.2 权限引擎规格,列表 / 详情 / 余额操作 / 禁用,列表 / 详情 / 余额操作 / 禁用,27,21,MARKDOWN_OR_PATH;NUMERIC,PENDING,
UA2-00056,user-agent,docs/PRD-用户体系.md,2.1.2 权限引擎规格,`apikey`,`apikey`,28,21,MARKDOWN_OR_PATH;NUMERIC,PENDING,
UA2-00057,user-agent,docs/PRD-用户体系.md,2.1.2 权限引擎规格,API Key 管理,API Key 管理,28;777,21,NUMERIC,PENDING,
UA2-00058,user-agent,docs/PRD-用户体系.md,2.1.2 权限引擎规格,列表 / 创建 / 编辑 / 删除 / 权限配置,列表 / 创建 / 编辑 / 删除 / 权限配置,28,21,MARKDOWN_OR_PATH;NUMERIC,PENDING,
UA2-00062,user-agent,docs/PRD-用户体系.md,2.1.2 权限引擎规格,`model`,`model`,30,21,MARKDOWN_OR_PATH;NUMERIC,PENDING,
UA2-00063,user-agent,docs/PRD-用户体系.md,2.1.2 权限引擎规格,模型管理,模型管理,30,21,NUMERIC,PENDING,
UA2-00064,user-agent,docs/PRD-用户体系.md,2.1.2 权限引擎规格,列表 / 价格 / 映射,列表 / 价格 / 映射,30,21,MARKDOWN_OR_PATH;NUMERIC,PENDING,
UA2-00071,user-agent,docs/PRD-用户体系.md,2.1.2 权限引擎规格,`security`,`security`,33,21,MARKDOWN_OR_PATH;NUMERIC,PENDING,
UA2-00072,user-agent,docs/PRD-用户体系.md,2.1.2 权限引擎规格,安全管理,安全管理,33,21,NUMERIC,PENDING,
UA2-00073,user-agent,docs/PRD-用户体系.md,2.1.2 权限引擎规格,事件 / 规则 / 封禁 / 风控,事件 / 规则 / 封禁 / 风控,33,21,MARKDOWN_OR_PATH;NUMERIC,PENDING,
UA2-00074,user-agent,docs/PRD-用户体系.md,2.1.2 权限引擎规格,`log`,`log`,34,21,MARKDOWN_OR_PATH;NUMERIC,PENDING,
UA2-00075,user-agent,docs/PRD-用户体系.md,2.1.2 权限引擎规格,日志管理,日志管理,34,21,NUMERIC,PENDING,
UA2-00076,user-agent,docs/PRD-用户体系.md,2.1.2 权限引擎规格,调用日志 / 操作日志 / 审计日志,调用日志 / 操作日志 / 审计日志,34,21,MARKDOWN_OR_PATH;NUMERIC,PENDING,
UA2-00077,user-agent,docs/PRD-用户体系.md,2.1.2 权限引擎规格,`config`,`config`,35,21,MARKDOWN_OR_PATH;NUMERIC,PENDING,
UA2-00078,user-agent,docs/PRD-用户体系.md,2.1.2 权限引擎规格,系统配置,系统配置,35;93,21,NUMERIC,PENDING,
UA2-00079,user-agent,docs/PRD-用户体系.md,2.1.2 权限引擎规格,参数 / 版本 / 站点 / 环境,参数 / 版本 / 站点 / 环境,35,21,MARKDOWN_OR_PATH;NUMERIC,PENDING,
UA2-00080,user-agent,docs/PRD-用户体系.md,2.1.2 权限引擎规格,`marketing`,`marketing`,36,21,MARKDOWN_OR_PATH;NUMERIC,PENDING,
UA2-00081,user-agent,docs/PRD-用户体系.md,2.1.2 权限引擎规格,营销运营,营销运营,36,21,NUMERIC,PENDING,
UA2-00082,user-agent,docs/PRD-用户体系.md,2.1.2 权限引擎规格,活动 / 公告 / 内容 / 邮件模板,活动 / 公告 / 内容 / 邮件模板,36,21,MARKDOWN_OR_PATH;NUMERIC,PENDING,
UA2-00084,user-agent,docs/PRD-用户体系.md,2.1.2 权限引擎规格,操作代码,操作代码,40,21,NUMERIC,PENDING,
UA2-00085,user-agent,docs/PRD-用户体系.md,2.1.2 权限引擎规格,操作,操作,40;74;75;76;77;78;79;83;84;371;579;884;1022,21,NUMERIC,PENDING,
UA2-00086,user-agent,docs/PRD-用户体系.md,2.1.2 权限引擎规格,说明,说明,40;52;743;753;1022,21,NUMERIC,PENDING,
UA2-00090,user-agent,docs/PRD-用户体系.md,2.1.2 权限引擎规格,`create`,`create`,43,21,MARKDOWN_OR_PATH;NUMERIC,PENDING,
UA2-00091,user-agent,docs/PRD-用户体系.md,2.1.2 权限引擎规格,创建,创建,28;43;805;816;933,21,NUMERIC,PENDING,
UA2-00092,user-agent,docs/PRD-用户体系.md,2.1.2 权限引擎规格,新增,新增,43,21,NUMERIC,PENDING,
UA2-00093,user-agent,docs/PRD-用户体系.md,2.1.2 权限引擎规格,`update`,`update`,44,21,MARKDOWN_OR_PATH;NUMERIC,PENDING,
UA2-00094,user-agent,docs/PRD-用户体系.md,2.1.2 权限引擎规格,编辑,编辑,838,21,NUMERIC,PENDING,
UA2-00095,user-agent,docs/PRD-用户体系.md,2.1.2 权限引擎规格,修改现有数据,修改现有数据,44,21,NUMERIC,PENDING,
UA2-00096,user-agent,docs/PRD-用户体系.md,2.1.2 权限引擎规格,`delete`,`delete`,45,21,MARKDOWN_OR_PATH;NUMERIC,PENDING,
UA2-00097,user-agent,docs/PRD-用户体系.md,2.1.2 权限引擎规格,删除,删除,45;96,21,NUMERIC,PENDING,
UA2-00098,user-agent,docs/PRD-用户体系.md,2.1.2 权限引擎规格,移除,移除,45,21,NUMERIC,PENDING,
UA2-00099,user-agent,docs/PRD-用户体系.md,2.1.2 权限引擎规格,`export`,`export`,46,21,MARKDOWN_OR_PATH;NUMERIC,PENDING,
UA2-00100,user-agent,docs/PRD-用户体系.md,2.1.2 权限引擎规格,导出,导出,46;300;1029,21,NUMERIC,PENDING,
UA2-00101,user-agent,docs/PRD-用户体系.md,2.1.2 权限引擎规格,批量导出数据,批量导出数据,46,21,NUMERIC,PENDING,
UA2-00105,user-agent,docs/PRD-用户体系.md,2.1.2 权限引擎规格,范围,范围,52;297;684,21,NUMERIC,PENDING,
UA2-00107,user-agent,docs/PRD-用户体系.md,2.1.2 权限引擎规格,示例,示例,52;1095,21,NUMERIC,PENDING,
UA2-00108,user-agent,docs/PRD-用户体系.md,2.1.2 权限引擎规格,`all`,`all`,54,21,MARKDOWN_OR_PATH;NUMERIC,PENDING,
UA2-00109,user-agent,docs/PRD-用户体系.md,2.1.2 权限引擎规格,鍏ㄥ钩鍙版暟鎹,鍏ㄥ钩鍙版暟鎹,54,21,NUMERIC,PENDING,
UA2-00110,user-agent,docs/PRD-用户体系.md,2.1.2 权限引擎规格,"super_admin, admin","super_admin, admin",54,21,NUMERIC,PENDING,
UA2-00118,user-agent,docs/PRD-用户体系.md,2.1.2 权限引擎规格,模板名称,模板名称,60,21,NUMERIC,PENDING,
UA2-00128,user-agent,docs/PRD-用户体系.md,2.1.2 权限引擎规格,"user:{read}, finance:{read}, log:{read}","user:{read}, finance:{read}, log:{read}",64,21,NUMERIC,PENDING,
UA2-00129,user-agent,docs/PRD-用户体系.md,2.1.2 权限引擎规格,处理用户咨询,处理用户咨询,64,21,NUMERIC,PENDING,
UA2-00276,user-agent,docs/PRD-用户体系.md,区域 3：额度使用进度条,**字段规格**,**字段规格**,128;166;201;530;1297,199,MARKDOWN_OR_PATH;NUMERIC,PENDING,
UA2-00278,user-agent,docs/PRD-用户体系.md,区域 3：额度使用进度条,decimal,decimal,135;206,199,NUMERIC,PENDING,
UA2-00280,user-agent,docs/PRD-用户体系.md,区域 3：额度使用进度条,宸茬敤閲,宸茬敤閲,206,199,NUMERIC,PENDING,
UA2-00282,user-agent,docs/PRD-用户体系.md,区域 3：额度使用进度条,当月已消耗量,当月已消耗量,206,199,NUMERIC,PENDING,
UA2-00284,user-agent,docs/PRD-用户体系.md,区域 3：额度使用进度条,int,int,137,199,NUMERIC,PENDING,
UA2-01827,user-agent,docs/PRD-用户端体验增强.md,API 接口,POST,POST,46;118;283;315;317;318;319,41;114;151;213;275;310;381;435,NONE_DETECTED,PENDING,
UA2-01830,user-agent,docs/PRD-用户端体验增强.md,API 接口,model_manage,model_manage,46;48,41;114;151;213;275;310;381;435,NONE_DETECTED,PENDING,
UA2-01832,user-agent,docs/PRD-用户端体验增强.md,API 接口,/api/v1/playground/embeddings,/api/v1/playground/embeddings,46,41;114;151;213;275;310;381;435,MARKDOWN_OR_PATH;NUMERIC,PENDING,
UA2-01833,user-agent,docs/PRD-用户端体验增强.md,API 接口,向量嵌入调试,向量嵌入调试,46,41;114;151;213;275;310;381;435,NONE_DETECTED,PENDING,
UA2-01839,user-agent,docs/PRD-用户端体验增强.md,API 接口,GET,GET,48;119;122;123;155;157;158;217;218;219;220;221;222;279;281;314;316;320;388;389;439;441;442;443,41;114;151;213;275;310;381;435,NONE_DETECTED,PENDING,
UA2-01840,user-agent,docs/PRD-用户端体验增强.md,API 接口,/api/v1/playground/models,/api/v1/playground/models,48,41;114;151;213;275;310;381;435,MARKDOWN_OR_PATH;NUMERIC,PENDING,
UA2-01841,user-agent,docs/PRD-用户端体验增强.md,API 接口,可调试模型列表（按类型分组）,可调试模型列表（按类型分组）,48,41;114;151;213;275;310;381;435,NONE_DETECTED,PENDING,
UA2-01867,user-agent,docs/PRD-用户端体验增强.md,API 接口,/api/v1/me/budget-rules,/api/v1/me/budget-rules,118;119;120;121,41;114;151;213;275;310;381;435,MARKDOWN_OR_PATH;NUMERIC,PENDING,
UA2-01868,user-agent,docs/PRD-用户端体验增强.md,API 接口,创建预算规则,创建预算规则,118,41;114;151;213;275;310;381;435,NONE_DETECTED,PENDING,
UA2-01869,user-agent,docs/PRD-用户端体验增强.md,API 接口,用户,用户,118;119;120;121;122;123;155;156;157;158;217;218;219;220;221;222;279;280;281;282;283;314;315;316;317;318;319;320;461;463,41;114;151;213;275;310;381;435,NONE_DETECTED,PENDING,
UA2-01872,user-agent,docs/PRD-用户端体验增强.md,API 接口,预算规则列表,预算规则列表,119,41;114;151;213;275;310;381;435,NONE_DETECTED,PENDING,
UA2-01874,user-agent,docs/PRD-用户端体验增强.md,API 接口,PATCH,PATCH,120;156;280;282,41;114;151;213;275;310;381;435,NONE_DETECTED,PENDING,
UA2-01875,user-agent,docs/PRD-用户端体验增强.md,API 接口,/api/v1/me/budget-rules/:id,/api/v1/me/budget-rules/:id,120;121,41;114;151;213;275;310;381;435,MARKDOWN_OR_PATH;NUMERIC,PENDING,
UA2-01878,user-agent,docs/PRD-用户端体验增强.md,API 接口,DELETE,DELETE,121,41;114;151;213;275;310;381;435,NONE_DETECTED,PENDING,
UA2-01883,user-agent,docs/PRD-用户端体验增强.md,API 接口,/api/v1/me/budget-usage,/api/v1/me/budget-usage,122;123,41;114;151;213;275;310;381;435,MARKDOWN_OR_PATH;NUMERIC,PENDING,
UA2-01887,user-agent,docs/PRD-用户端体验增强.md,API 接口,/api/v1/me/budget-usage/history,/api/v1/me/budget-usage/history,123,41;114;151;213;275;310;381;435,MARKDOWN_OR_PATH;NUMERIC,PENDING,
UA2-01908,user-agent,docs/PRD-用户端体验增强.md,API 接口,/api/v1/me/onboarding/progress,/api/v1/me/onboarding/progress,155;156,41;114;151;213;275;310;381;435,MARKDOWN_OR_PATH;NUMERIC,PENDING,
UA2-01909,user-agent,docs/PRD-用户端体验增强.md,API 接口,获取引导进度,获取引导进度,155,41;114;151;213;275;310;381;435,NONE_DETECTED,PENDING,
UA2-01913,user-agent,docs/PRD-用户端体验增强.md,API 接口,更新引导进度,更新引导进度,156,41;114;151;213;275;310;381;435,NONE_DETECTED,PENDING,
UA2-01916,user-agent,docs/PRD-用户端体验增强.md,API 接口,/api/v1/me/onboarding/examples,/api/v1/me/onboarding/examples,157;158,41;114;151;213;275;310;381;435,MARKDOWN_OR_PATH;NUMERIC,PENDING,
UA2-01917,user-agent,docs/PRD-用户端体验增强.md,API 接口,获取示例代码列表,获取示例代码列表,157,41;114;151;213;275;310;381;435,NONE_DETECTED,PENDING,
UA2-01920,user-agent,docs/PRD-用户端体验增强.md,API 接口,/api/v1/me/onboarding/examples/:lang,/api/v1/me/onboarding/examples/:lang,158,41;114;151;213;275;310;381;435,MARKDOWN_OR_PATH;NUMERIC,PENDING,
UA2-01921,user-agent,docs/PRD-用户端体验增强.md,API 接口,获取指定语言示例代码,获取指定语言示例代码,158,41;114;151;213;275;310;381;435,NONE_DETECTED,PENDING,
UA2-01933,user-agent,docs/PRD-用户端体验增强.md,功能规格,支持 PDF / CSV 格式下载,支持 PDF / CSV 格式下载,181,11;67;141;176;240;300;338;409,MARKDOWN_OR_PATH,PENDING,
UA2-01936,user-agent,docs/PRD-用户端体验增强.md,功能规格,成本优化建议,成本优化建议,222,11;67;141;176;240;300;338;409,NONE_DETECTED,PENDING,
UA2-01941,user-agent,docs/PRD-用户端体验增强.md,功能规格,本月 vs 上月消费对比，环比增长率,本月 vs 上月消费对比，环比增长率,185,11;67;141;176;240;300;338;409,NONE_DETECTED,PENDING,
UA2-01943,user-agent,docs/PRD-用户端体验增强.md,API 接口,/api/v1/me/billing/summaries,/api/v1/me/billing/summaries,217;218;219,41;114;151;213;275;310;381;435,MARKDOWN_OR_PATH;NUMERIC,PENDING,
UA2-01944,user-agent,docs/PRD-用户端体验增强.md,API 接口,月度账单列表,月度账单列表,217,41;114;151;213;275;310;381;435,NONE_DETECTED,PENDING,
UA2-01947,user-agent,docs/PRD-用户端体验增强.md,API 接口,/api/v1/me/billing/summaries/:period,/api/v1/me/billing/summaries/:period,218;219,41;114;151;213;275;310;381;435,MARKDOWN_OR_PATH;NUMERIC,PENDING,
UA2-01948,user-agent,docs/PRD-用户端体验增强.md,API 接口,指定月份账单详情,指定月份账单详情,218,41;114;151;213;275;310;381;435,NONE_DETECTED,PENDING,
UA2-01951,user-agent,docs/PRD-用户端体验增强.md,API 接口,/api/v1/me/billing/summaries/:period/download,/api/v1/me/billing/summaries/:period/download,219,41;114;151;213;275;310;381;435,MARKDOWN_OR_PATH;NUMERIC,PENDING,
UA2-01955,user-agent,docs/PRD-用户端体验增强.md,API 接口,/api/v1/me/billing/analysis,/api/v1/me/billing/analysis,220,41;114;151;213;275;310;381;435,MARKDOWN_OR_PATH;NUMERIC,PENDING,
UA2-01956,user-agent,docs/PRD-用户端体验增强.md,API 接口,消费分析数据（多维）,消费分析数据（多维）,220,41;114;151;213;275;310;381;435,NONE_DETECTED,PENDING,
UA2-01959,user-agent,docs/PRD-用户端体验增强.md,API 接口,/api/v1/me/billing/forecast,/api/v1/me/billing/forecast,221,41;114;151;213;275;310;381;435,MARKDOWN_OR_PATH;NUMERIC,PENDING,
UA2-01963,user-agent,docs/PRD-用户端体验增强.md,API 接口,/api/v1/me/billing/optimization-tips,/api/v1/me/billing/optimization-tips,222,41;114;151;213;275;310;381;435,MARKDOWN_OR_PATH;NUMERIC,PENDING,
UA2-01964,user-agent,docs/PRD-用户端体验增强.md,API 接口,成本优化建议,成本优化建议,222,41;114;151;213;275;310;381;435,NONE_DETECTED,PENDING,
UA2-01976,user-agent,docs/PRD-用户端体验增强.md,功能规格,站内通知 / 邮件 / 短信 / Webhook,站内通知 / 邮件 / 短信 / Webhook,245,11;67;141;176;240;300;338;409,MARKDOWN_OR_PATH,PENDING,
UA2-01979,user-agent,docs/PRD-用户端体验增强.md,功能规格,静默时段,静默时段,247,11;67;141;176;240;300;338;409,NONE_DETECTED,PENDING,
UA2-01980,user-agent,docs/PRD-用户端体验增强.md,功能规格,设置安静时段（如 23:00-08:00 不推送）,设置安静时段（如 23:00-08:00 不推送）,247,11;67;141;176;240;300;338;409,NUMERIC,PENDING,
UA2-01984,user-agent,docs/PRD-用户端体验增强.md,API 接口,/api/v1/me/notification-preferences,/api/v1/me/notification-preferences,279;280,41;114;151;213;275;310;381;435,MARKDOWN_OR_PATH;NUMERIC,PENDING,
UA2-01985,user-agent,docs/PRD-用户端体验增强.md,API 接口,获取通知偏好,获取通知偏好,279,41;114;151;213;275;310;381;435,NONE_DETECTED,PENDING,
UA2-01989,user-agent,docs/PRD-用户端体验增强.md,API 接口,更新通知偏好,更新通知偏好,280,41;114;151;213;275;310;381;435,NONE_DETECTED,PENDING,
UA2-01992,user-agent,docs/PRD-用户端体验增强.md,API 接口,/api/v1/me/notifications,/api/v1/me/notifications,281;282;283,41;114;151;213;275;310;381;435,MARKDOWN_OR_PATH;NUMERIC,PENDING,
UA2-01993,user-agent,docs/PRD-用户端体验增强.md,API 接口,通知历史列表,通知历史列表,281,41;114;151;213;275;310;381;435,NONE_DETECTED,PENDING,
UA2-01996,user-agent,docs/PRD-用户端体验增强.md,API 接口,/api/v1/me/notifications/:id/read,/api/v1/me/notifications/:id/read,282,41;114;151;213;275;310;381;435,MARKDOWN_OR_PATH;NUMERIC,PENDING,
UA2-01997,user-agent,docs/PRD-用户端体验增强.md,API 接口,标记已读,标记已读,282;283,41;114;151;213;275;310;381;435,NONE_DETECTED,PENDING,
UA2-02000,user-agent,docs/PRD-用户端体验增强.md,API 接口,/api/v1/me/notifications/read-all,/api/v1/me/notifications/read-all,283,41;114;151;213;275;310;381;435,MARKDOWN_OR_PATH;NUMERIC,PENDING,
UA2-02001,user-agent,docs/PRD-用户端体验增强.md,API 接口,全部标记已读,全部标记已读,283,41;114;151;213;275;310;381;435,NONE_DETECTED,PENDING,
UA2-02010,user-agent,docs/PRD-用户端体验增强.md,功能规格,登录活动日志,登录活动日志,316,11;67;141;176;240;300;338;409,NONE_DETECTED,PENDING,
UA2-02012,user-agent,docs/PRD-用户端体验增强.md,功能规格,安全设置,安全设置,306;308,11;67;141;176;240;300;338;409,NONE_DETECTED,PENDING,
REQ-ADMINPORTAL-00707,integrations-sso,docs/PRD-第三方集成.md,16.3 短信服务集成,| 模块 | 说明 |,需求规定：妯″潡 | 璇存槑,21;60;70,58,NUMERIC,PENDING,
REQ-ADMINPORTAL-00730,integrations-sso,docs/PRD-第三方集成.md,16.7 前端变更,| 页面 | 变更 |,需求规定：椤甸潰 | 鍙樻洿,99,97,NUMERIC,PENDING,
REQ-ADMINPORTAL-02873,integrations-sso,docs/PRD-第三方集成.md,#### 16.7 前端变更,#### 16.7 前端变更,该需求域必须单独定义并验证“输入”维度。,97,97,MARKDOWN_OR_PATH;NUMERIC,PENDING,
REQ-ADMINPORTAL-02874,integrations-sso,docs/PRD-第三方集成.md,#### 16.7 前端变更,#### 16.7 前端变更,该需求域必须单独定义并验证“前置”维度。,97,97,MARKDOWN_OR_PATH;NUMERIC,PENDING,
REQ-ADMINPORTAL-02875,integrations-sso,docs/PRD-第三方集成.md,#### 16.7 前端变更,#### 16.7 前端变更,该需求域必须单独定义并验证“角色”维度。,97,97,MARKDOWN_OR_PATH;NUMERIC,PENDING,
REQ-ADMINPORTAL-02876,integrations-sso,docs/PRD-第三方集成.md,#### 16.7 前端变更,#### 16.7 前端变更,该需求域必须单独定义并验证“权限”维度。,97,97,MARKDOWN_OR_PATH;NUMERIC,PENDING,
REQ-ADMINPORTAL-02877,integrations-sso,docs/PRD-第三方集成.md,#### 16.7 前端变更,#### 16.7 前端变更,该需求域必须单独定义并验证“状态”维度。,97,97,MARKDOWN_OR_PATH;NUMERIC,PENDING,
REQ-ADMINPORTAL-02878,integrations-sso,docs/PRD-第三方集成.md,#### 16.7 前端变更,#### 16.7 前端变更,该需求域必须单独定义并验证“正常”维度。,97,97,MARKDOWN_OR_PATH;NUMERIC,PENDING,
REQ-ADMINPORTAL-02879,integrations-sso,docs/PRD-第三方集成.md,#### 16.7 前端变更,#### 16.7 前端变更,该需求域必须单独定义并验证“边界”维度。,97,97,MARKDOWN_OR_PATH;NUMERIC,PENDING,
REQ-ADMINPORTAL-02880,integrations-sso,docs/PRD-第三方集成.md,#### 16.7 前端变更,#### 16.7 前端变更,该需求域必须单独定义并验证“异常”维度。,97,97,MARKDOWN_OR_PATH;NUMERIC,PENDING,
REQ-ADMINPORTAL-02881,integrations-sso,docs/PRD-第三方集成.md,#### 16.7 前端变更,#### 16.7 前端变更,该需求域必须单独定义并验证“并发”维度。,97,97,MARKDOWN_OR_PATH;NUMERIC,PENDING,
REQ-ADMINPORTAL-02882,integrations-sso,docs/PRD-第三方集成.md,#### 16.7 前端变更,#### 16.7 前端变更,该需求域必须单独定义并验证“幂等”维度。,97,97,MARKDOWN_OR_PATH;NUMERIC,PENDING,
REQ-ADMINPORTAL-02883,integrations-sso,docs/PRD-第三方集成.md,#### 16.7 前端变更,#### 16.7 前端变更,该需求域必须单独定义并验证“事务”维度。,97,97,MARKDOWN_OR_PATH;NUMERIC,PENDING,
REQ-ADMINPORTAL-02884,integrations-sso,docs/PRD-第三方集成.md,#### 16.7 前端变更,#### 16.7 前端变更,该需求域必须单独定义并验证“回滚”维度。,97,97,MARKDOWN_OR_PATH;NUMERIC,PENDING,
REQ-ADMINPORTAL-02885,integrations-sso,docs/PRD-第三方集成.md,#### 16.7 前端变更,#### 16.7 前端变更,该需求域必须单独定义并验证“落库”维度。,97,97,MARKDOWN_OR_PATH;NUMERIC,PENDING,
REQ-ADMINPORTAL-02886,integrations-sso,docs/PRD-第三方集成.md,#### 16.7 前端变更,#### 16.7 前端变更,该需求域必须单独定义并验证“缓存”维度。,97,97,MARKDOWN_OR_PATH;NUMERIC,PENDING,
REQ-ADMINPORTAL-02887,integrations-sso,docs/PRD-第三方集成.md,#### 16.7 前端变更,#### 16.7 前端变更,该需求域必须单独定义并验证“通知”维度。,97,97,MARKDOWN_OR_PATH;NUMERIC,PENDING,
REQ-ADMINPORTAL-02888,integrations-sso,docs/PRD-第三方集成.md,#### 16.7 前端变更,#### 16.7 前端变更,该需求域必须单独定义并验证“审计”维度。,97,97,MARKDOWN_OR_PATH;NUMERIC,PENDING,
REQ-ADMINPORTAL-02889,integrations-sso,docs/PRD-第三方集成.md,#### 16.7 前端变更,#### 16.7 前端变更,该需求域必须单独定义并验证“监控”维度。,97,97,MARKDOWN_OR_PATH;NUMERIC,PENDING,
REQ-ADMINPORTAL-02890,integrations-sso,docs/PRD-第三方集成.md,#### 16.7 前端变更,#### 16.7 前端变更,该需求域必须单独定义并验证“测试”维度。,97,97,MARKDOWN_OR_PATH;NUMERIC,PENDING,
REQ-ADMINPORTAL-00001,admin-portal,docs/PRD-管理后台.md,4.1 总览看板 `/admin`,### 4.1 总览看板 `/admin`,需求规定：**鏍稿績鎸囨爣鍖哄煙**,2,2,MARKDOWN_OR_PATH;NUMERIC,PENDING,
REQ-ADMINPORTAL-00009,admin-portal,docs/PRD-管理后台.md,4.1 总览看板 `/admin`,### 4.1 总览看板 `/admin`,需求规定：姣涘埄鐜?| (姣涘埄娑?鏀跺叆)脳100 | 1 灏忔椂 | 25.6%,2,2,MARKDOWN_OR_PATH;NUMERIC;POSSIBLE_COMPOUND;RESIDUAL_ENCODING,PENDING,
REQ-ADMINPORTAL-00011,admin-portal,docs/PRD-管理后台.md,4.1 总览看板 `/admin`,### 4.1 总览看板 `/admin`,需求规定：**寰呭姙闃熷垪**,2,2,MARKDOWN_OR_PATH;NUMERIC,PENDING,
REQ-ADMINPORTAL-00012,admin-portal,docs/PRD-管理后台.md,4.1 总览看板 `/admin`,### 4.1 总览看板 `/admin`,需求规定：绫诲瀷 | 鏁版嵁婧?| 灞曠ず鏂瑰紡,2,2,MARKDOWN_OR_PATH;NUMERIC;POSSIBLE_COMPOUND;RESIDUAL_ENCODING,PENDING,
REQ-ADMINPORTAL-00016,admin-portal,docs/PRD-管理后台.md,4.1 总览看板 `/admin`,### 4.1 总览看板 `/admin`,需求规定：寰呯‘璁ょ粨绠?| `agent_settlement` status=pending | 鏁板瓧寰界珷,2,2,MARKDOWN_OR_PATH;NUMERIC;POSSIBLE_COMPOUND;RESIDUAL_ENCODING,PENDING,
REQ-ADMINPORTAL-00017,admin-portal,docs/PRD-管理后台.md,4.1 总览看板 `/admin`,### 4.1 总览看板 `/admin`,需求规定：寰呮帹閫佸叕鍛?| `announcements` scheduled_at <= now | 鏁板瓧寰界珷,2,2,MARKDOWN_OR_PATH;NUMERIC;POSSIBLE_COMPOUND;RESIDUAL_ENCODING,PENDING,
REQ-ADMINPORTAL-00067,admin-portal,docs/PRD-管理后台.md,4.3.2 模型管理 `/admin/models`,#### 4.3.2 模型管理 `/admin/models`,需求规定：渚涘簲鍟?| `DeepSeek`,212,212,MARKDOWN_OR_PATH;NUMERIC;POSSIBLE_COMPOUND;RESIDUAL_ENCODING,PENDING,
REQ-ADMINPORTAL-00068,admin-portal,docs/PRD-管理后台.md,4.3.2 模型管理 `/admin/models`,#### 4.3.2 模型管理 `/admin/models`,需求规定：鑳藉姏绫诲瀷 | 鏂囨湰鐢熸垚 / 瀵硅瘽 / 浠ｇ爜 / 鍥惧儚 / 宓屽叆,212,212,MARKDOWN_OR_PATH;NUMERIC,PENDING,
REQ-ADMINPORTAL-00072,admin-portal,docs/PRD-管理后台.md,4.3.2 模型管理 `/admin/models`,#### 4.3.2 模型管理 `/admin/models`,需求规定：鎿嶄綔 | [缂栬緫] [涓嬬嚎/涓婄嚎],212,212,MARKDOWN_OR_PATH;NUMERIC,PENDING,
REQ-ADMINPORTAL-00074,admin-portal,docs/PRD-管理后台.md,4.3.2 模型管理 `/admin/models`,#### 4.3.2 模型管理 `/admin/models`,需求规定：**浠锋牸鍙樻洿鍘嗗彶**,212,212,MARKDOWN_OR_PATH;NUMERIC,PENDING,
REQ-ADMINPORTAL-00075,admin-portal,docs/PRD-管理后台.md,4.3.2 模型管理 `/admin/models`,#### 4.3.2 模型管理 `/admin/models`,需求规定：**鎵归噺浠锋牸鍙樻洿**,212,212,MARKDOWN_OR_PATH;NUMERIC,PENDING,
REQ-ADMINPORTAL-00102,admin-portal,docs/PRD-管理后台.md,4.4.1 财务总览 `/admin/finance`,#### 4.4.1 财务总览 `/admin/finance`,需求规定：**鏀跺叆鍒嗘瀽闈㈡澘**,381,381,MARKDOWN_OR_PATH;NUMERIC,PENDING,
REQ-ADMINPORTAL-00124,admin-portal,docs/PRD-管理后台.md,4.4.3 佣金管理 `/admin/finance/commissions`,#### 4.4.3 佣金管理 `/admin/finance/commissions`,需求规定：鏃堕棿 | 2026-07-26 11:35,466,466,MARKDOWN_OR_PATH;NUMERIC,PENDING,
REQ-ADMINPORTAL-00125,admin-portal,docs/PRD-管理后台.md,4.4.3 佣金管理 `/admin/finance/commissions`,#### 4.4.3 佣金管理 `/admin/finance/commissions`,需求规定：浠ｇ悊 | TechAgent,466,466,MARKDOWN_OR_PATH;NUMERIC,PENDING,
REQ-ADMINPORTAL-00128,admin-portal,docs/PRD-管理后台.md,4.4.3 佣金管理 `/admin/finance/commissions`,#### 4.4.3 佣金管理 `/admin/finance/commissions`,需求规定：浣ｉ噾鐜?| 10%,466,466,MARKDOWN_OR_PATH;NUMERIC;POSSIBLE_COMPOUND;RESIDUAL_ENCODING,PENDING,
REQ-ADMINPORTAL-00130,admin-portal,docs/PRD-管理后台.md,4.4.3 佣金管理 `/admin/finance/commissions`,#### 4.4.3 佣金管理 `/admin/finance/commissions`,需求规定：缁撶畻鐘舵€?| 宸茬粨绠?/ 寰呯粨绠?,466,466,MARKDOWN_OR_PATH;NUMERIC;POSSIBLE_COMPOUND;RESIDUAL_ENCODING,PENDING,
REQ-ADMINPORTAL-00131,admin-portal,docs/PRD-管理后台.md,4.4.3 佣金管理 `/admin/finance/commissions`,#### 4.4.3 佣金管理 `/admin/finance/commissions`,需求规定：缁撶畻鍛ㄦ湡 | 2026-07,466,466,MARKDOWN_OR_PATH;NUMERIC,PENDING,
REQ-ADMINPORTAL-00134,admin-portal,docs/PRD-管理后台.md,4.5.1 活动管理 `/admin/campaigns`,#### 4.5.1 活动管理 `/admin/campaigns`,需求规定：**娲诲姩绫诲瀷涓庨厤缃?*,548,548,MARKDOWN_OR_PATH;NUMERIC;POSSIBLE_COMPOUND;RESIDUAL_ENCODING,PENDING,
REQ-ADMINPORTAL-00143,admin-portal,docs/PRD-管理后台.md,4.5.1 活动管理 `/admin/campaigns`,#### 4.5.1 活动管理 `/admin/campaigns`,需求规定：**娲诲姩鏁版嵁杩借釜**,548,548,MARKDOWN_OR_PATH;NUMERIC,PENDING,
REQ-ADMINPORTAL-00144,admin-portal,docs/PRD-管理后台.md,4.5.1 活动管理 `/admin/campaigns`,#### 4.5.1 活动管理 `/admin/campaigns`,需求规定：鎸囨爣 | 璁＄畻鏂瑰紡,548,548,MARKDOWN_OR_PATH;NUMERIC,PENDING,
REQ-ADMINPORTAL-00198,admin-portal,docs/PRD-管理后台.md,4.6.2 安全配置 `/admin/security-config`,#### 4.6.2 安全配置 `/admin/security-config`,需求规定：**IP 榛戠櫧鍚嶅崟**,795,795,MARKDOWN_OR_PATH;NUMERIC,PENDING,
REQ-ADMINPORTAL-00200,admin-portal,docs/PRD-管理后台.md,4.6.2 安全配置 `/admin/security-config`,#### 4.6.2 安全配置 `/admin/security-config`,需求规定：**鐧诲綍闄愬埗**,795,795,MARKDOWN_OR_PATH;NUMERIC,PENDING,
REQ-ADMINPORTAL-00261,admin-portal,docs/PRD-管理后台.md,4.8.1 系统参数配置 `/admin/configs`,#### 4.8.1 系统参数配置 `/admin/configs`,需求规定：瀹夊叏 | 鐧诲綍閿佸畾闃堝€?| int | 5 | 娆?5鍒嗛挓,1093,1093,MARKDOWN_OR_PATH;NUMERIC;POSSIBLE_COMPOUND;RESIDUAL_ENCODING,PENDING,
REQ-ADMINPORTAL-00276,admin-portal,docs/PRD-管理后台.md,4.8.1 系统参数配置 `/admin/configs`,#### 4.8.1 系统参数配置 `/admin/configs`,需求规定：渚涘簲鍟?| 鍋ュ悍妫€鏌ラ棿闅?| int | 30 | 绉?,1093,1093,MARKDOWN_OR_PATH;NUMERIC;POSSIBLE_COMPOUND;RESIDUAL_ENCODING,PENDING,
REQ-ADMINPORTAL-00277,admin-portal,docs/PRD-管理后台.md,4.8.1 系统参数配置 `/admin/configs`,#### 4.8.1 系统参数配置 `/admin/configs`,需求规定：渚涘簲鍟?| 鐔旀柇澶辫触闃堝€?| int | 10 | 杩炵画澶辫触娆℃暟,1093,1093,MARKDOWN_OR_PATH;NUMERIC;POSSIBLE_COMPOUND;RESIDUAL_ENCODING,PENDING,
REQ-ADMINPORTAL-00432,system-admin,docs/PRD-系统管理员支撑.md,前端变更,| 页面 | 变更 |,需求规定：椤甸潰 | 鍙樻洿,33;73;109;182;218;273;346;415,31;71;107;180;216;271;344;413,NONE_DETECTED,PENDING,
REQ-ADMINPORTAL-00450,system-admin,docs/PRD-系统管理员支撑.md,前端变更,| 页面 | 变更 |,需求规定：椤甸潰 | 鍙樻洿,33;73;109;182;218;273;346;415,31;71;107;180;216;271;344;413,NONE_DETECTED,PENDING,
REQ-ADMINPORTAL-00466,system-admin,docs/PRD-系统管理员支撑.md,前端变更,| 页面 | 变更 |,需求规定：椤甸潰 | 鍙樻洿,33;73;109;182;218;273;346;415,31;71;107;180;216;271;344;413,NONE_DETECTED,PENDING,
REQ-ADMINPORTAL-00482,system-admin,docs/PRD-系统管理员支撑.md,前端变更,| 页面 | 变更 |,需求规定：椤甸潰 | 鍙樻洿,33;73;109;182;218;273;346;415,31;71;107;180;216;271;344;413,NONE_DETECTED,PENDING,
REQ-ADMINPORTAL-00496,system-admin,docs/PRD-系统管理员支撑.md,前端变更,| 页面 | 变更 |,需求规定：椤甸潰 | 鍙樻洿,33;73;109;182;218;273;346;415,31;71;107;180;216;271;344;413,NONE_DETECTED,PENDING,
REQ-ADMINPORTAL-00523,system-admin,docs/PRD-系统管理员支撑.md,前端变更,| 页面 | 变更 |,需求规定：椤甸潰 | 鍙樻洿,33;73;109;182;218;273;346;415,31;71;107;180;216;271;344;413,NONE_DETECTED,PENDING,
REQ-ADMINPORTAL-00544,system-admin,docs/PRD-系统管理员支撑.md,前端变更,| 页面 | 变更 |,需求规定：椤甸潰 | 鍙樻洿,33;73;109;182;218;273;346;415,31;71;107;180;216;271;344;413,NONE_DETECTED,PENDING,
REQ-ADMINPORTAL-00561,system-admin,docs/PRD-系统管理员支撑.md,前端变更,| 页面 | 变更 |,需求规定：椤甸潰 | 鍙樻洿,33;73;109;182;218;273;346;415,31;71;107;180;216;271;344;413,NONE_DETECTED,PENDING,
REQ-ADMINPORTAL-00734,admin-portal,docs/PRD-组件库规范.md,基础组件,| 缁勪欢 | 鐢ㄩ€?| 鐘舵€?|,需求规定：缁勪欢 | 鐢ㄩ€?| 鐘舵€?,9;24,7,POSSIBLE_COMPOUND;RESIDUAL_ENCODING,PENDING,
REQ-ADMINPORTAL-00739,admin-portal,docs/PRD-组件库规范.md,基础组件,| StatusBadge | 鐘舵€佹爣绛撅紝棰滆壊/鍥炬爣鏍规嵁鐘舵€佽嚜鍔ㄦ槧灏?| 宸叉湁 |,需求规定：StatusBadge | 鐘舵€佹爣绛撅紝棰滆壊/鍥炬爣鏍规嵁鐘舵€佽嚜鍔ㄦ槧灏?| 宸叉湁,15,7,MARKDOWN_OR_PATH;POSSIBLE_COMPOUND;RESIDUAL_ENCODING,PENDING,
REQ-ADMINPORTAL-00742,admin-portal,docs/PRD-组件库规范.md,基础组件,| LoadingSkeleton | 楠ㄦ灦灞忓姞杞藉崰浣?| 宸叉湁 |,需求规定：LoadingSkeleton | 楠ㄦ灦灞忓姞杞藉崰浣?| 宸叉湁,18,7,POSSIBLE_COMPOUND;RESIDUAL_ENCODING,PENDING,
REQ-ADMINPORTAL-00764,admin-portal,docs/PRD-组件库规范.md,15.4 前端变更,| 页面 | 变更 |,需求规定：椤甸潰 | 鍙樻洿,89,87,NUMERIC,PENDING,
REQ-CF-00164,core-finance,docs/PRD-财务模块增强.md,API 接口,| 方法 | 路径 | 说明 | 权限 |,鏂规硶应满足：`GET`,64;127;174;247;274,62;125;172;245;272,MARKDOWN_OR_PATH,PENDING,
REQ-CF-00172,core-finance,docs/PRD-财务模块增强.md,API 接口,| `POST` | `/api/v1/admin/finance/reports/monthly/generate` | 手动生成报告 | finance 以上 |,鏂规硶应满足：`POST`,68,62;125;172;245;272,MARKDOWN_OR_PATH;NUMERIC,PENDING,
REQ-CF-00174,core-finance,docs/PRD-财务模块增强.md,API 接口,| `POST` | `/api/v1/admin/finance/reports/monthly/generate` | 手动生成报告 | finance 以上 |,璇存槑应满足：鎵嬪姩鐢熸垚鎶ュ憡,68,62;125;172;245;272,MARKDOWN_OR_PATH;NUMERIC,PENDING,
REQ-CF-00178,core-finance,docs/PRD-财务模块增强.md,API 接口,| `GET` | `/api/v1/admin/finance/reports/monthly/:period/pdf` | 下载 PDF | finance 以上 |,璇存槑应满足：涓嬭浇 PDF,69,62;125;172;245;272,MARKDOWN_OR_PATH;NUMERIC,PENDING,
REQ-CF-00219,core-finance,docs/PRD-财务模块增强.md,API 接口,| 方法 | 路径 | 说明 | 权限 |,鏂规硶应满足：`PUT`,64;127;174;247;274,62;125;172;245;272,MARKDOWN_OR_PATH,PENDING,
REQ-CF-00222,core-finance,docs/PRD-财务模块增强.md,API 接口,| `GET` | `/api/v1/admin/finance/reports/monthly` | 月度报告列表 | finance 以上 |,鏉冮檺应满足：super_admin,66,62;125;172;245;272,MARKDOWN_OR_PATH;NUMERIC,PENDING,
REQ-CF-00300,core-finance,docs/PRD-财务模块增强.md,9.7 财务模块总览,| 月度财务报告 | P0 | 后端3d+前端2d | 管理层决策的核心数据 |,妯″潡应满足：鏈堝害璐㈠姟鎶ュ憡,294,289,NUMERIC,PENDING,
REQ-CF-00308,core-finance,docs/PRD-财务模块增强.md,9.7 财务模块总览,| 授信额度体系 | P1 | 后端5d+前端3d | 大客户业务的前提条件 |,妯″潡应满足：鎺堜俊棰濆害浣撶郴,296,289,NUMERIC,PENDING,
REQ-CF-02596,core-finance,docs/PRD-运营增长模块.md,API 接口,| 方法 | 路径 | 说明 | 权限 |,鏂规硶应满足：`GET`,41;103;174;249;331,39;101;172;247;329,MARKDOWN_OR_PATH,PENDING,
REQ-CF-02638,core-finance,docs/PRD-运营增长模块.md,API 接口,| 方法 | 路径 | 说明 | 权限 |,璇存槑应满足：鎴戠殑浼樻儬鍒稿垪琛?,41;103;174;249;331,39;101;172;247;329,POSSIBLE_COMPOUND;RESIDUAL_ENCODING,PENDING,
REQ-CF-02642,core-finance,docs/PRD-运营增长模块.md,API 接口,| 方法 | 路径 | 说明 | 权限 |,璇存槑应满足：浣跨敤浼樻儬鍒?,41;103;174;249;331,39;101;172;247;329,POSSIBLE_COMPOUND;RESIDUAL_ENCODING,PENDING,
REQ-CF-02724,core-finance,docs/PRD-运营增长模块.md,API 接口,| 方法 | 路径 | 说明 | 权限 |,鏂规硶应满足：`PATCH`,41;103;174;249;331,39;101;172;247;329,MARKDOWN_OR_PATH,PENDING,
REQ-CF-02801,core-finance,docs/PRD-运营增长模块.md,API 接口,| 方法 | 路径 | 说明 | 权限 |,鏉冮檺应满足：浠ｇ悊鍟?,41;103;174;249;331,39;101;172;247;329,POSSIBLE_COMPOUND;RESIDUAL_ENCODING,PENDING,
REQ-CF-02804,core-finance,docs/PRD-运营增长模块.md,API 接口,| 方法 | 路径 | 说明 | 权限 |,璇存槑应满足：閲嶆柊鐢熸垚鎺ㄨ崘鐮?,41;103;174;249;331,39;101;172;247;329,POSSIBLE_COMPOUND;RESIDUAL_ENCODING,PENDING,
REQ-CF-02806,core-finance,docs/PRD-运营增长模块.md,API 接口,| 方法 | 路径 | 说明 | 权限 |,鏂规硶应满足：`PUT`,41;103;174;249;331,39;101;172;247;329,MARKDOWN_OR_PATH,PENDING,
REQ-CF-02834,core-finance,docs/PRD-运营增长模块.md,前端变更,| 页面 | 变更 |,椤甸潰应满足：娉ㄥ唽椤甸潰,51;112;185;259;343,49;110;183;257;341,NONE_DETECTED,PENDING,
REQ-ADMINPORTAL-00586,growth-operations,docs/PRD-运营增长模块.md,前端变更,| 页面 | 变更 |,需求规定：椤甸潰 | 鍙樻洿,51;112;185;259;343,49;110;183;257;341,NONE_DETECTED,PENDING,
REQ-ADMINPORTAL-00602,growth-operations,docs/PRD-运营增长模块.md,前端变更,| 页面 | 变更 |,需求规定：椤甸潰 | 鍙樻洿,51;112;185;259;343,49;110;183;257;341,NONE_DETECTED,PENDING,
REQ-ADMINPORTAL-00620,growth-operations,docs/PRD-运营增长模块.md,前端变更,| 页面 | 变更 |,需求规定：椤甸潰 | 鍙樻洿,51;112;185;259;343,49;110;183;257;341,NONE_DETECTED,PENDING,
REQ-ADMINPORTAL-00639,growth-operations,docs/PRD-运营增长模块.md,前端变更,| 页面 | 变更 |,需求规定：椤甸潰 | 鍙樻洿,51;112;185;259;343,49;110;183;257;341,NONE_DETECTED,PENDING,
REQ-ADMINPORTAL-00675,growth-operations,docs/PRD-运营增长模块.md,前端变更,| 页面 | 变更 |,需求规定：椤甸潰 | 鍙樻洿,51;112;185;259;343,49;110;183;257;341,NONE_DETECTED,PENDING,
UA2-06278,user-agent,docs/ref-11.5-performance.md,娣卞寲鍙傝€冿細搂11.5 涓氱哗鐪嬫澘,**关联**：[`ref-11.1-crm.md`](ref-11.1-crm.md)、[`ref-11.4-opportunity.md`](ref-11.4-opportunity.md)、[`ref-4.2-user-management.md`](ref-4.2-user-management.md),**关联**：[`ref-11.1-crm.md`](ref-11.1-crm.md)、[`ref-11.4-opportunity.md`](ref-11.4-opportunity.md)、[`ref-4.2-user-management.md`](ref-4.2-user-management.md),4,1,MARKDOWN_OR_PATH;NUMERIC,PENDING,
UA2-06286,user-agent,docs/ref-11.5-performance.md,1. 本月业绩概览,label: string;,label: string;,136,18,NUMERIC,PENDING,
UA2-06287,user-agent,docs/ref-11.5-performance.md,1. 本月业绩概览,// KPI 名称,// KPI 名称,136,18,MARKDOWN_OR_PATH;NUMERIC,PENDING,
UA2-06295,user-agent,docs/ref-11.5-performance.md,1. 本月业绩概览,// 涓氱哗瓒嬪娍鍥?interface PerformanceTrendChartProps {,// 涓氱哗瓒嬪娍鍥?interface PerformanceTrendChartProps {,142,18,MARKDOWN_OR_PATH;NUMERIC;POSSIBLE_COMPOUND;RESIDUAL_ENCODING,PENDING,
UA2-06296,user-agent,docs/ref-11.5-performance.md,1. 本月业绩概览,data: TrendDataPoint[];,data: TrendDataPoint[];,143,18,NUMERIC,PENDING,
UA2-06297,user-agent,docs/ref-11.5-performance.md,1. 本月业绩概览,months: number;,months: number;,144,18,NUMERIC,PENDING,
UA2-06298,user-agent,docs/ref-11.5-performance.md,1. 本月业绩概览,// 月份数，默认 6,// 月份数，默认 6,144,18,MARKDOWN_OR_PATH;NUMERIC,PENDING,
UA2-06299,user-agent,docs/ref-11.5-performance.md,1. 本月业绩概览,onMonthChange?: (months: number) => void;,onMonthChange?: (months: number) => void;,145,18,NUMERIC;POSSIBLE_COMPOUND;RESIDUAL_ENCODING,PENDING,
UA2-06300,user-agent,docs/ref-11.5-performance.md,1. 本月业绩概览,interface TrendDataPoint {,interface TrendDataPoint {,148,18,NUMERIC,PENDING,
UA2-06301,user-agent,docs/ref-11.5-performance.md,1. 本月业绩概览,month: string;,month: string;,149,18,NUMERIC,PENDING,
UA2-06302,user-agent,docs/ref-11.5-performance.md,1. 本月业绩概览,"// ""2026-02""","// ""2026-02""",149,18,MARKDOWN_OR_PATH;NUMERIC,PENDING,
UA2-06303,user-agent,docs/ref-11.5-performance.md,1. 本月业绩概览,newCustomers: number;,newCustomers: number;,150,18,NUMERIC,PENDING,
UA2-06304,user-agent,docs/ref-11.5-performance.md,1. 本月业绩概览,consumption: number;,consumption: number;,151,18,NUMERIC,PENDING,
UA2-06305,user-agent,docs/ref-11.5-performance.md,1. 本月业绩概览,// 客户构成饼图,// 客户构成饼图,154,18,MARKDOWN_OR_PATH;NUMERIC,PENDING,
UA2-06306,user-agent,docs/ref-11.5-performance.md,1. 本月业绩概览,interface CustomerCompositionPieProps {,interface CustomerCompositionPieProps {,155,18,NUMERIC,PENDING,
UA2-06307,user-agent,docs/ref-11.5-performance.md,1. 本月业绩概览,data: { status: string;,data: { status: string;,156,18,NUMERIC,PENDING,
UA2-06308,user-agent,docs/ref-11.5-performance.md,1. 本月业绩概览,count: number;,count: number;,156,18,NUMERIC,PENDING,
UA2-06309,user-agent,docs/ref-11.5-performance.md,1. 本月业绩概览,percentage: number;,percentage: number;,156,18,NUMERIC,PENDING,
UA2-06312,user-agent,docs/ref-11.5-performance.md,1. 本月业绩概览,// 佣金预估,// 佣金预估,159,18,MARKDOWN_OR_PATH;NUMERIC,PENDING,
UA2-06313,user-agent,docs/ref-11.5-performance.md,1. 本月业绩概览,interface CommissionEstimateProps {,interface CommissionEstimateProps {,160,18,NUMERIC,PENDING,
UA2-06314,user-agent,docs/ref-11.5-performance.md,1. 本月业绩概览,currentMonth: number;,currentMonth: number;,161,18,NUMERIC,PENDING,
UA2-06315,user-agent,docs/ref-11.5-performance.md,1. 本月业绩概览,annualized: number;,annualized: number;,162,18,NUMERIC,PENDING,
UA2-06316,user-agent,docs/ref-11.5-performance.md,1. 本月业绩概览,onViewDetails: () => void;,onViewDetails: () => void;,163,18,NUMERIC,PENDING,
UA2-06317,user-agent,docs/ref-11.5-performance.md,1. 本月业绩概览,// 排名看板,// 排名看板,166,18,MARKDOWN_OR_PATH;NUMERIC,PENDING,
UA2-06318,user-agent,docs/ref-11.5-performance.md,1. 本月业绩概览,interface RankBoardProps {,interface RankBoardProps {,167,18,NUMERIC,PENDING,
UA2-06319,user-agent,docs/ref-11.5-performance.md,1. 本月业绩概览,type: 'newCustomers' | 'consumptionTotal';,type: 'newCustomers' | 'consumptionTotal';,168,18,NUMERIC,PENDING,
UA2-06320,user-agent,docs/ref-11.5-performance.md,1. 本月业绩概览,data: RankItem[];,data: RankItem[];,169,18,NUMERIC,PENDING,
UA2-06321,user-agent,docs/ref-11.5-performance.md,1. 本月业绩概览,currentUserId: number;,currentUserId: number;,170,18,NUMERIC,PENDING,
UA2-06322,user-agent,docs/ref-11.5-performance.md,1. 本月业绩概览,onTypeChange: (type: string) => void;,onTypeChange: (type: string) => void;,171,18,NUMERIC,PENDING,
UA2-06323,user-agent,docs/ref-11.5-performance.md,1. 本月业绩概览,interface RankItem {,interface RankItem {,174,18,NUMERIC,PENDING,
UA2-06324,user-agent,docs/ref-11.5-performance.md,1. 本月业绩概览,userId: number;,userId: number;,175,18,NUMERIC,PENDING,
UA2-06325,user-agent,docs/ref-11.5-performance.md,1. 本月业绩概览,rame: string;,rame: string;,176,18,NUMERIC,PENDING,
UA2-06326,user-agent,docs/ref-11.5-performance.md,1. 本月业绩概览,rank: number;,rank: number;,177,18,NUMERIC,PENDING,
UA2-06327,user-agent,docs/ref-11.5-performance.md,1. 本月业绩概览,value: number;,value: number;,178;204,18,NUMERIC,PENDING,
UA2-06328,user-agent,docs/ref-11.5-performance.md,1. 本月业绩概览,// 目标管理（业务员端）,// 目标管理（业务员端）,181,18,MARKDOWN_OR_PATH;NUMERIC,PENDING,
UA2-06329,user-agent,docs/ref-11.5-performance.md,1. 本月业绩概览,interface TargetProgresProps {,interface TargetProgresProps {,182,18,NUMERIC,PENDING,
UA2-06330,user-agent,docs/ref-11.5-performance.md,1. 本月业绩概览,targets: TargetItem[];,targets: TargetItem[];,183,18,NUMERIC,PENDING,
UA2-06331,user-agent,docs/ref-11.5-performance.md,1. 本月业绩概览,interface TargetItem {,interface TargetItem {,186,18,NUMERIC,PENDING,
UA2-06332,user-agent,docs/ref-11.5-performance.md,1. 本月业绩概览,type: string;,type: string;,187;203,18,NUMERIC,PENDING,
UA2-06333,user-agent,docs/ref-11.5-performance.md,1. 本月业绩概览,name: string;,name: string;,188,18,NUMERIC,PENDING,
UA2-06334,user-agent,docs/ref-11.5-performance.md,1. 本月业绩概览,targetValue: number;,targetValue: number;,189,18,NUMERIC,PENDING,
UA2-06335,user-agent,docs/ref-11.5-performance.md,1. 本月业绩概览,achievedValue: number;,achievedValue: number;,190,18,NUMERIC,PENDING,
UA2-06336,user-agent,docs/ref-11.5-performance.md,1. 本月业绩概览,completionRate: number;,completionRate: number;,191,18,NUMERIC,PENDING,
UA2-06337,user-agent,docs/ref-11.5-performance.md,1. 本月业绩概览,remaingDays: number;,remaingDays: number;,192,18,NUMERIC,PENDING,
UA2-06338,user-agent,docs/ref-11.5-performance.md,1. 本月业绩概览,// 目标设置（管理员端）,// 目标设置（管理员端）,195,18,MARKDOWN_OR_PATH;NUMERIC,PENDING,
UA2-06339,user-agent,docs/ref-11.5-performance.md,1. 本月业绩概览,interface SalesTargetSettingProps {,interface SalesTargetSettingProps {,196,18,NUMERIC,PENDING,
UA2-06340,user-agent,docs/ref-11.5-performance.md,1. 本月业绩概览,onSubmit: (data: SalesTargetInput) => void;,onSubmit: (data: SalesTargetInput) => void;,197,18,NUMERIC,PENDING,
UA2-06341,user-agent,docs/ref-11.5-performance.md,1. 本月业绩概览,existingTargets?: TargetItem[];,existingTargets?: TargetItem[];,198,18,NUMERIC;POSSIBLE_COMPOUND;RESIDUAL_ENCODING,PENDING,
UA2-06342,user-agent,docs/ref-11.5-performance.md,1. 本月业绩概览,interface SalesTargetInput {,interface SalesTargetInput {,201,18,NUMERIC,PENDING,
UA2-06343,user-agent,docs/ref-11.5-performance.md,1. 本月业绩概览,period: string;,period: string;,202,18,NUMERIC,PENDING,
UA2-06360,user-agent,docs/ref-11.6-quote-contract.md,1. 报价管理,鎬婚噾棰?,鎬婚噾棰?,120,17,NUMERIC;POSSIBLE_COMPOUND;RESIDUAL_ENCODING,PENDING,
UA2-06367,user-agent,docs/ref-11.6-quote-contract.md,1. 报价管理,附加说明,附加说明,28,17,NUMERIC,PENDING,
UA2-06368,user-agent,docs/ref-11.6-quote-contract.md,1. 报价管理,**鎶ヤ环鍗曠姸鎬佹祦杞?*,**鎶ヤ环鍗曠姸鎬佹祦杞?*,30,17,MARKDOWN_OR_PATH;NUMERIC;POSSIBLE_COMPOUND;RESIDUAL_ENCODING,PENDING,
UA2-06370,user-agent,docs/ref-11.6-quote-contract.md,1. 报价管理,说明,说明,61;93,17,NUMERIC,PENDING,
UA2-06372,user-agent,docs/ref-11.6-quote-contract.md,1. 报价管理,draft,draft,123;157,17,NUMERIC,PENDING,
UA2-06375,user-agent,docs/ref-11.6-quote-contract.md,1. 报价管理,pending_approval,pending_approval,123;157,17,NUMERIC,PENDING,
UA2-06378,user-agent,docs/ref-11.6-quote-contract.md,1. 报价管理,approved,approved,86;123;157,17,NUMERIC,PENDING,
UA2-06379,user-agent,docs/ref-11.6-quote-contract.md,1. 报价管理,审批通过,审批通过,86,17,NUMERIC,PENDING,
UA2-06381,user-agent,docs/ref-11.6-quote-contract.md,1. 报价管理,rejected,rejected,34;42;78;123,17,NUMERIC,PENDING,
UA2-06383,user-agent,docs/ref-11.6-quote-contract.md,1. 报价管理,查看驳回原因，修改后重新提交,查看驳回原因，修改后重新提交,42,17,NUMERIC,PENDING,
UA2-06384,user-agent,docs/ref-11.6-quote-contract.md,1. 报价管理,sent,sent,43;123,17,NUMERIC,PENDING,
UA2-06385,user-agent,docs/ref-11.6-quote-contract.md,1. 报价管理,已发送给客户,已发送给客户,43,17,NUMERIC,PENDING,
UA2-06386,user-agent,docs/ref-11.6-quote-contract.md,1. 报价管理,标记为已接受 / 过期,标记为已接受 / 过期,43,17,MARKDOWN_OR_PATH;NUMERIC,PENDING,
UA2-06387,user-agent,docs/ref-11.6-quote-contract.md,1. 报价管理,accepted,accepted,123,17,NUMERIC,PENDING,
UA2-06390,user-agent,docs/ref-11.6-quote-contract.md,1. 报价管理,expired,expired,34;78;79;88;123;157;280,17,NUMERIC,PENDING,
UA2-06396,user-agent,docs/ref-11.6-quote-contract.md,2. 合同模板管理,模板名称,模板名称,135,49,NUMERIC,PENDING,
UA2-06398,user-agent,docs/ref-11.6-quote-contract.md,2. 合同模板管理,内容,内容,55;101;324,49,NUMERIC,PENDING,
UA2-06399,user-agent,docs/ref-11.6-quote-contract.md,2. 合同模板管理,Markdown 格式合同正文,Markdown 格式合同正文,55,49,NUMERIC,PENDING,
UA2-06400,user-agent,docs/ref-11.6-quote-contract.md,2. 合同模板管理,变量,变量,61;137,49,NUMERIC,PENDING,
UA2-06402,user-agent,docs/ref-11.6-quote-contract.md,2. 合同模板管理,版本,版本,138,49,NUMERIC,PENDING,
UA2-06408,user-agent,docs/ref-11.6-quote-contract.md,2. 合同模板管理,说明,说明,61;93,49,NUMERIC,PENDING,
UA2-06409,user-agent,docs/ref-11.6-quote-contract.md,2. 合同模板管理,绀轰緥鍊?,绀轰緥鍊?,61,49,NUMERIC;POSSIBLE_COMPOUND;RESIDUAL_ENCODING,PENDING,
UA2-06410,user-agent,docs/ref-11.6-quote-contract.md,2. 合同模板管理,`{{customerName}}`,`{{customerName}}`,63,49,MARKDOWN_OR_PATH;NUMERIC,PENDING,
UA2-06411,user-agent,docs/ref-11.6-quote-contract.md,2. 合同模板管理,客户名称,客户名称,63;117;152,49,NUMERIC,PENDING,
UA2-06412,user-agent,docs/ref-11.6-quote-contract.md,2. 合同模板管理,张三科技有限公司,张三科技有限公司,63,49,NUMERIC,PENDING,
UA2-06413,user-agent,docs/ref-11.6-quote-contract.md,2. 合同模板管理,`{{customerContact}}`,`{{customerContact}}`,64,49,MARKDOWN_OR_PATH;NUMERIC,PENDING,
UA2-06414,user-agent,docs/ref-11.6-quote-contract.md,2. 合同模板管理,鑱旂郴浜?,鑱旂郴浜?,64;118;153,49,NUMERIC;POSSIBLE_COMPOUND;RESIDUAL_ENCODING,PENDING,
UA2-06415,user-agent,docs/ref-11.6-quote-contract.md,2. 合同模板管理,张三,张三,64,49,NUMERIC,PENDING,
UA2-06416,user-agent,docs/ref-11.6-quote-contract.md,2. 合同模板管理,`{{contractNo}}`,`{{contractNo}}`,65,49,MARKDOWN_OR_PATH;NUMERIC,PENDING,
UA2-06417,user-agent,docs/ref-11.6-quote-contract.md,2. 合同模板管理,合同编号,合同编号,65,49,NUMERIC,PENDING,
UA2-06418,user-agent,docs/ref-11.6-quote-contract.md,2. 合同模板管理,CON-260801-001,CON-260801-001,65,49,NUMERIC,PENDING,
UA2-06419,user-agent,docs/ref-11.6-quote-contract.md,2. 合同模板管理,`{{effectiveDate}}`,`{{effectiveDate}}`,66,49,MARKDOWN_OR_PATH;NUMERIC,PENDING,
UA2-06420,user-agent,docs/ref-11.6-quote-contract.md,2. 合同模板管理,生效日期,生效日期,66;158,49,NUMERIC,PENDING,
UA2-06421,user-agent,docs/ref-11.6-quote-contract.md,2. 合同模板管理,2026-08-01,2026-08-01,66,49,NUMERIC,PENDING,
UA2-06422,user-agent,docs/ref-11.6-quote-contract.md,2. 合同模板管理,`{{expiryDate}}`,`{{expiryDate}}`,67,49,MARKDOWN_OR_PATH;NUMERIC,PENDING,
UA2-06423,user-agent,docs/ref-11.6-quote-contract.md,2. 合同模板管理,到期日期,到期日期,67;159,49,NUMERIC,PENDING,
UA2-06424,user-agent,docs/ref-11.6-quote-contract.md,2. 合同模板管理,2027-07-31,2027-07-31,67,49,NUMERIC,PENDING,
UA2-06425,user-agent,docs/ref-11.6-quote-contract.md,2. 合同模板管理,`{{serviceDesc}}`,`{{serviceDesc}}`,68,49,MARKDOWN_OR_PATH;NUMERIC,PENDING,
UA2-06426,user-agent,docs/ref-11.6-quote-contract.md,2. 合同模板管理,服务描述,服务描述,68,49,NUMERIC,PENDING,
UA2-06427,user-agent,docs/ref-11.6-quote-contract.md,2. 合同模板管理,AI 模型 API 调用服务,AI 模型 API 调用服务,68,49,NUMERIC,PENDING,
UA2-06428,user-agent,docs/ref-11.6-quote-contract.md,2. 合同模板管理,`{{totalAmount}}`,`{{totalAmount}}`,69,49,MARKDOWN_OR_PATH;NUMERIC,PENDING,
UA2-06429,user-agent,docs/ref-11.6-quote-contract.md,2. 合同模板管理,合同金额,合同金额,69,49,NUMERIC,PENDING,
UA2-06431,user-agent,docs/ref-11.6-quote-contract.md,2. 合同模板管理,`{{paymentTerms}}`,`{{paymentTerms}}`,70,49,MARKDOWN_OR_PATH;NUMERIC,PENDING,
UA2-06432,user-agent,docs/ref-11.6-quote-contract.md,2. 合同模板管理,付款条款,付款条款,70,49,NUMERIC,PENDING,
UA2-06434,user-agent,docs/ref-11.6-quote-contract.md,3. 合同管理,**鍚堝悓鐘舵€佹祦杞?*,**鍚堝悓鐘舵€佹祦杞?*,74,72,MARKDOWN_OR_PATH;NUMERIC;POSSIBLE_COMPOUND;RESIDUAL_ENCODING,PENDING,
UA2-06435,user-agent,docs/ref-11.6-quote-contract.md,3. 合同管理,draft,draft,123;157,72,NUMERIC,PENDING,
UA2-06437,user-agent,docs/ref-11.6-quote-contract.md,3. 合同管理,pending_approval,pending_approval,123;157,72,NUMERIC,PENDING,
UA2-06439,user-agent,docs/ref-11.6-quote-contract.md,3. 合同管理,approved,approved,86;123;157,72,NUMERIC,PENDING,
UA2-06440,user-agent,docs/ref-11.6-quote-contract.md,3. 合同管理,审批通过，待签署,审批通过，待签署,86,72,NUMERIC,PENDING,
UA2-06441,user-agent,docs/ref-11.6-quote-contract.md,3. 合同管理,signed,signed,87;157;160,72,NUMERIC,PENDING,
UA2-03006,user-agent,docs/SPEC-§22-用户端体验增强.md,完成能力 / 展示效果,**Step 1：欢迎与介绍（全屏模态弹窗）**,**Step 1：欢迎与介绍（全屏模态弹窗）**,44,42;235;311;429;484;570;750;977;1216;1415;1662;1735;1840;1920;1969;2032,MARKDOWN_OR_PATH;NUMERIC,PENDING,
UA2-03017,user-agent,docs/SPEC-§22-用户端体验增强.md,完成能力 / 展示效果,创建成功后：,创建成功后：,56,42;235;311;429;484;570;750;977;1216;1415;1662;1735;1840;1920;1969;2032,MARKDOWN_OR_PATH,PENDING,
UA2-03018,user-agent,docs/SPEC-§22-用户端体验增强.md,完成能力 / 展示效果,创建弹窗关闭,创建弹窗关闭,57,42;235;311;429;484;570;750;977;1216;1415;1662;1735;1840;1920;1969;2032,MARKDOWN_OR_PATH,PENDING,
UA2-03023,user-agent,docs/SPEC-§22-用户端体验增强.md,完成能力 / 展示效果,自动跳转到模型列表页 `/console/models,自动跳转到模型列表页 `/console/models,63,42;235;311;429;484;570;750;977;1216;1415;1662;1735;1840;1920;1969;2032,MARKDOWN_OR_PATH,PENDING,
UA2-03041,user-agent,docs/SPEC-§22-用户端体验增强.md,完成能力 / 展示效果,展示三个语言标签切换：Python | JavaScript | cURL,展示三个语言标签切换：Python | JavaScript | cURL,83,42;235;311;429;484;570;750;977;1216;1415;1662;1735;1840;1920;1969;2032,MARKDOWN_OR_PATH,PENDING,
UA2-03044,user-agent,docs/SPEC-§22-用户端体验增强.md,完成能力 / 展示效果,JavaScript：`import { ThreeCloud } from '3cloud-sdk';,JavaScript：`import { ThreeCloud } from '3cloud-sdk';,85,42;235;311;429;484;570;750;977;1216;1415;1662;1735;1840;1920;1969;2032,MARKDOWN_OR_PATH;NUMERIC,PENDING,
UA2-03046,user-agent,docs/SPEC-§22-用户端体验增强.md,完成能力 / 展示效果,"cURL：`curl https://api.3cloud.dev/v1/chat/completions -H ""Authorization: Bearer sk-3c-xxx"" ...","cURL：`curl https://api.3cloud.dev/v1/chat/completions -H ""Authorization: Bearer sk-3c-xxx"" ...",86,42;235;311;429;484;570;750;977;1216;1415;1662;1735;1840;1920;1969;2032,MARKDOWN_OR_PATH;NUMERIC,PENDING,
UA2-03072,user-agent,docs/SPEC-§22-用户端体验增强.md,边界条件,显示友好错误提示 + 解决方案建议 + [重试] 按钮 + 允许跳过,显示友好错误提示 + 解决方案建议 + [重试] 按钮 + 允许跳过,202,196;943;1179;1382;1607;1817,NONE_DETECTED,PENDING,
UA2-03083,user-agent,docs/SPEC-§22-用户端体验增强.md,验收标准,AC-1,AC-1,722,209;956;1195;1395;1621;1724;1827;1908;1957;2021;2096,NUMERIC,PENDING,
UA2-03086,user-agent,docs/SPEC-§22-用户端体验增强.md,验收标准,AC-2,AC-2,729,209;956;1195;1395;1621;1724;1827;1908;1957;2021;2096,NUMERIC,PENDING,
UA2-03089,user-agent,docs/SPEC-§22-用户端体验增强.md,验收标准,AC-3,AC-3,1199,209;956;1195;1395;1621;1724;1827;1908;1957;2021;2096,NUMERIC,PENDING,
UA2-03092,user-agent,docs/SPEC-§22-用户端体验增强.md,验收标准,AC-4,AC-4,1399;1406;1625,209;956;1195;1395;1621;1724;1827;1908;1957;2021;2096,NUMERIC,PENDING,
UA2-03118,user-agent,docs/SPEC-§22-用户端体验增强.md,完成能力 / 展示效果,本月剩余天数 = DAY(LAST_DAY(NOW())) - DAY(NOW()) + 1,本月剩余天数 = DAY(LAST_DAY(NOW())) - DAY(NOW()) + 1,254,42;235;311;429;484;570;750;977;1216;1415;1662;1735;1840;1920;1969;2032,MARKDOWN_OR_PATH;NUMERIC,PENDING,
UA2-03129,user-agent,docs/SPEC-§22-用户端体验增强.md,完成能力 / 展示效果,"""forecastUsagePercent"": 57.9, // 预估/预算","""forecastUsagePercent"": 57.9, // 预估/预算",277,42;235;311;429;484;570;750;977;1216;1415;1662;1735;1840;1920;1969;2032,MARKDOWN_OR_PATH;NUMERIC,PENDING,
UA2-03149,user-agent,docs/SPEC-§22-用户端体验增强.md,完成能力 / 展示效果,**告警分类与展示：**,**告警分类与展示：**,318,42;235;311;429;484;570;750;977;1216;1415;1662;1735;1840;1920;1969;2032,MARKDOWN_OR_PATH,PENDING,
UA2-03166,user-agent,docs/SPEC-§22-用户端体验增强.md,后端告警生成逻辑,"export const userAlerts = pgTable(""user_alerts"", {","export const userAlerts = pgTable(""user_alerts"", {",407,388,NONE_DETECTED,PENDING,
UA2-03167,user-agent,docs/SPEC-§22-用户端体验增强.md,后端告警生成逻辑,"id: serial(""id"").primaryKey(),","id: serial(""id"").primaryKey(),",408;1088;1110;1129;1287;1452;1762,388,NONE_DETECTED,PENDING,
UA2-03168,user-agent,docs/SPEC-§22-用户端体验增强.md,后端告警生成逻辑,"userId: integer(""user_id"").notNull().references(() => users.id),","userId: integer(""user_id"").notNull().references(() => users.id),",409;1089,388,NONE_DETECTED,PENDING,
UA2-03169,user-agent,docs/SPEC-§22-用户端体验增强.md,后端告警生成逻辑,"type: varchar(""type"", { length: 30 }).notNull(),","type: varchar(""type"", { length: 30 }).notNull(),",410,388,NUMERIC,PENDING,
UA2-03170,user-agent,docs/SPEC-§22-用户端体验增强.md,后端告警生成逻辑,"level: varchar(""level"", { length: 10 }).notNull().default(""medium""),","level: varchar(""level"", { length: 10 }).notNull().default(""medium""),",411,388,NUMERIC,PENDING,
UA2-03171,user-agent,docs/SPEC-§22-用户端体验增强.md,后端告警生成逻辑,"message: varchar(""message"", { length: 500 }).notNull(),","message: varchar(""message"", { length: 500 }).notNull(),",412,388,NUMERIC,PENDING,
UA2-03172,user-agent,docs/SPEC-§22-用户端体验增强.md,后端告警生成逻辑,"detail: jsonb(""detail""),","detail: jsonb(""detail""),",413,388,NONE_DETECTED,PENDING,
UA2-03173,user-agent,docs/SPEC-§22-用户端体验增强.md,后端告警生成逻辑,"route: varchar(""route"", { length: 200 }),","route: varchar(""route"", { length: 200 }),",414,388,NUMERIC,PENDING,
UA2-03174,user-agent,docs/SPEC-§22-用户端体验增强.md,后端告警生成逻辑,"read: boolean(""read"").default(false),","read: boolean(""read"").default(false),",415,388,NONE_DETECTED,PENDING,
UA2-03175,user-agent,docs/SPEC-§22-用户端体验增强.md,后端告警生成逻辑,"createdAt: timestamp(""created_at"").defaultNow(),","createdAt: timestamp(""created_at"").defaultNow(),",416;1103;1298;1466;1770,388,NONE_DETECTED,PENDING,
UA2-03176,user-agent,docs/SPEC-§22-用户端体验增强.md,后端告警生成逻辑,"}, (table) => ({","}, (table) => ({",417;1105;1122;1134;1300;1468,388,NONE_DETECTED,PENDING,
UA2-03177,user-agent,docs/SPEC-§22-用户端体验增强.md,后端告警生成逻辑,"userIdReadIdx: index(""idx_alerts_user_read"").on(table.userId, table.read),","userIdReadIdx: index(""idx_alerts_user_read"").on(table.userId, table.read),",418,388,NONE_DETECTED,PENDING,
UA2-03178,user-agent,docs/SPEC-§22-用户端体验增强.md,后端告警生成逻辑,"typeIdx: index(""idx_alerts_type"").on(table.userId, table.type),","typeIdx: index(""idx_alerts_type"").on(table.userId, table.type),",419,388,NONE_DETECTED,PENDING,
UA2-03180,user-agent,docs/SPEC-§22-用户端体验增强.md,后端告警生成逻辑,**进度条说明：**,**进度条说明：**,437,388,MARKDOWN_OR_PATH,PENDING,
UA2-03184,user-agent,docs/SPEC-§22-用户端体验增强.md,后端告警生成逻辑,已出账金额：SUM(call_logs WHERE created_at < NOW() - INTERVAL '24h' AND billing_cycle = current),已出账金额：SUM(call_logs WHERE created_at < NOW() - INTERVAL '24h' AND billing_cycle = current),442,388,NUMERIC,PENDING,
UA2-03185,user-agent,docs/SPEC-§22-用户端体验增强.md,后端告警生成逻辑,待结算费用：SUM(call_logs WHERE created_at >= NOW() - INTERVAL '24h' AND billing_cycle = current),待结算费用：SUM(call_logs WHERE created_at >= NOW() - INTERVAL '24h' AND billing_cycle = current),443,388,NUMERIC,PENDING,
UA2-03191,user-agent,docs/SPEC-§22-用户端体验增强.md,降级轮询,GET /api/v1/me/logs/recent?limit=20&since={lastId},GET /api/v1/me/logs/recent?limit=20&since={lastId},504;517,516,MARKDOWN_OR_PATH;NUMERIC;POSSIBLE_COMPOUND;RESIDUAL_ENCODING,PENDING,
UA2-03192,user-agent,docs/SPEC-§22-用户端体验增强.md,降级轮询,"""activities"": [","""activities"": [",520,516,NONE_DETECTED,PENDING,
UA2-03193,user-agent,docs/SPEC-§22-用户端体验增强.md,降级轮询,"""id"": ""log_12345"",","""id"": ""log_12345"",",522,516,NUMERIC,PENDING,
UA2-03194,user-agent,docs/SPEC-§22-用户端体验增强.md,降级轮询,"""model"": ""deepseek-chat"",","""model"": ""deepseek-chat"",",523;602;837,516,NONE_DETECTED,PENDING,
UA2-03195,user-agent,docs/SPEC-§22-用户端体验增强.md,降级轮询,"""inputTokens"": 256,","""inputTokens"": 256,",524;605,516,NUMERIC,PENDING,
UA2-03196,user-agent,docs/SPEC-§22-用户端体验增强.md,降级轮询,"""outputTokens"": 1024,","""outputTokens"": 1024,",525;606,516,NUMERIC,PENDING,
UA2-03197,user-agent,docs/SPEC-§22-用户端体验增强.md,降级轮询,"""cost"": 0.0008,","""cost"": 0.0008,",526,516,NUMERIC,PENDING,
UA2-03198,user-agent,docs/SPEC-§22-用户端体验增强.md,降级轮询,"""status"": ""success"",","""status"": ""success"",",527;608,516,NONE_DETECTED,PENDING,
UA2-03199,user-agent,docs/SPEC-§22-用户端体验增强.md,降级轮询,"""errorMessage"": null,","""errorMessage"": null,",528,516,NONE_DETECTED,PENDING,
UA2-03200,user-agent,docs/SPEC-§22-用户端体验增强.md,降级轮询,"""timestamp"": ""2026-07-28T21:29:32Z"",","""timestamp"": ""2026-07-28T21:29:32Z"",",529,516,NUMERIC,PENDING,
UA2-03201,user-agent,docs/SPEC-§22-用户端体验增强.md,降级轮询,"""duration"": 512","""duration"": 512",530;609,516,NUMERIC,PENDING,
UA2-03202,user-agent,docs/SPEC-§22-用户端体验增强.md,降级轮询,"""hasMore"": true","""hasMore"": true",533,516,NONE_DETECTED,PENDING,
UA2-03203,user-agent,docs/SPEC-§22-用户端体验增强.md,降级轮询,interface LiveActivityFeedProps {,interface LiveActivityFeedProps {,540,516,NONE_DETECTED,PENDING,
UA2-03204,user-agent,docs/SPEC-§22-用户端体验增强.md,降级轮询,activities: ActivityItem[];,activities: ActivityItem[];,541,516,NONE_DETECTED,PENDING,
UA2-03205,user-agent,docs/SPEC-§22-用户端体验增强.md,降级轮询,paused: boolean;,paused: boolean;,542,516,NONE_DETECTED,PENDING,
UA2-03206,user-agent,docs/SPEC-§22-用户端体验增强.md,降级轮询,connectionMode: 'ws' | 'polling';,connectionMode: 'ws' | 'polling';,543,516,NONE_DETECTED,PENDING,
UA2-03207,user-agent,docs/SPEC-§22-用户端体验增强.md,降级轮询,onTogglePause: () => void;,onTogglePause: () => void;,544,516,NONE_DETECTED,PENDING,
UA2-03208,user-agent,docs/SPEC-§22-用户端体验增强.md,降级轮询,onClear: () => void;,onClear: () => void;,545;882,516,NONE_DETECTED,PENDING,
UA2-03209,user-agent,docs/SPEC-§22-用户端体验增强.md,降级轮询,onViewDetail: (id: string) => void;,onViewDetail: (id: string) => void;,546,516,NONE_DETECTED,PENDING,
